{
    "1p_conversion": {
        "rules": {
            "fields": [
                "bag_size"
            ],
            "operation": [
                "=="
            ],
            "condition": [
                1
            ]
        },
        "result": {
            "columns": [
                "product",
                "bag_size",
                "finale_box_type",
                "supply_chain_name",
                "special_box_tag",
                "extras"
            ],
            "operation": [
                "==",
                "==",
                "==",
                "==",
                "append_extra",
                "append_extra"
            ],
            "output": [
                "2 MAHLZEITEN BOX FÜR 2 PERSONEN",
                2,
                "2 MAHLZEITEN BOX FÜR 2 PERSONEN",
                "2 MAHLZEITEN BOX FÜR 2 PERSONEN",
                [
                    "1p Test"
                ],
                [
                    "1PT"
                ]
            ]
        }
    }
}