{
    "fake_meal_swap_addon": {
        "rules": {
            "fields": [
                "country"
            ],
            "operation": [
                "in"
            ],
            "condition": [
                [
                    "CH"
                ]
            ]
        },
        "result": {
            "columns": [
                "taste_preference",
                "ups_comment"
            ],
            "operation": [
                "==",
                "=="
            ],
            "output": [
                "",
                ""
            ]
        }
    }
}
