{
    "carrier_influencer_boxes": {
        "rules": {
            "fields": [
                "is_pr"
            ],
            "operation": [
                "=="
            ],
            "condition": [
                1
            ]
        },
        "result": {
            "columns": [
                "carrier",
                "lane",
                "lane_by_delivery_time",
                "service_type",
                "delivery_slot"
            ],
            "operation": [
                "==",
                "==",
                "==",
                "==",
                "=="
            ],
            "output": [
                "DHL",
                "Region",
                "DHL-Mid",
                "Express12",
                "08:00 - 12:00"
            ]
        }
    }
}
