{
    "quality_boxes_14179": {
        "rules": {
            "fields": [
                "country",
                "id_subscription"
            ],
            "operation": [
                "==",
                "=="
            ],
            "condition": [
                "DE",
                "14179"
            ]
        },
        "result": {
            "columns": [
                "delivery_slot",
                "lane_by_delivery_time",
                "service_type",
                "carrier"
            ],
            "operation": [
                "==",
                "==",
                "==",
                "=="
            ],
            "output": [
                "08:00 - 12:00",
                "UPS-Mid",
                "Express12",
                "UPS"
            ]
        }
    },
    "quality_boxes_14180": {
        "rules": {
            "fields": [
                "country",
                "id_subscription"
            ],
            "operation": [
                "==",
                "=="
            ],
            "condition": [
                "DE",
                "14180"
            ]
        },
        "result": {
            "columns": [
                "delivery_slot",
                "lane_by_delivery_time",
                "service_type",
                "carrier"
            ],
            "operation": [
                "==",
                "==",
                "==",
                "=="
            ],
            "output": [
                "18:00 - 22:00",
                "Berlin",
                "3h gekühlt",
                "HelloFresh"
            ]
        }
    },
    "quality_boxes_14182": {
        "rules": {
            "fields": [
                "country",
                "id_subscription"
            ],
            "operation": [
                "==",
                "=="
            ],
            "condition": [
                "DE",
                "14182"
            ]
        },
        "result": {
            "columns": [
                "delivery_slot",
                "lane_by_delivery_time",
                "service_type",
                "carrier"
            ],
            "operation": [
                "==",
                "==",
                "==",
                "=="
            ],
            "output": [
                "08:00 - 12:00",
                "DPD-Mid",
                "Express12",
                "DPD"
            ]
        }
    },
    "quality_boxes_147952": {
        "rules": {
            "fields": [
                "country",
                "id_subscription"
            ],
            "operation": [
                "==",
                "=="
            ],
            "condition": [
                "DE",
                "147952"
            ]
        },
        "result": {
            "columns": [
                "delivery_slot",
                "lane_by_delivery_time",
                "service_type",
                "carrier"
            ],
            "operation": [
                "==",
                "==",
                "==",
                "=="
            ],
            "output": [
                "08:00 - 12:00",
                "DPD-Mid",
                "Express12",
                "DPD"
            ]
        }
    }
}