{
    "distribution_center_default_deat": {
        "rules": {
            "fields": [
                "country"
            ],
            "operation": [
                "in"
            ],
            "condition": [
                ["DE", "AT"]
            ]
        },
        "result": {
            "columns": [
                "distribution_center"
            ],
            "operation": [
                "=="
            ],
            "output": [
                "VE"
            ]
        }
    },
    "distribution_center_ch": {
        "rules": {
            "fields": [
                "country"
            ],
            "operation": [
                "in"
            ],
            "condition": [
                ["CH"]
            ]
        },
        "result": {
            "columns": [
                "distribution_center"
            ],
            "operation": [
                "=="
            ],
            "output": [
                "CH"
            ]
        }
    }
}
