{
    "wrong_packing_day_early": {
        "rules": {
            "fields": [
                "offset"
            ],
            "operation": [
                "<"
            ],
            "condition": [
                1
            ]
        },
        "result": {
            "columns": [
                "*"
            ],
            "operation": [
                "drop"
            ],
            "output": [
                "*"
            ]
        }
    },
    "wrong_packing_day_late": {
        "rules": {
            "fields": [
                "offset"
            ],
            "operation": [
                ">"
            ],
            "condition": [
                3
            ]
        },
        "result": {
            "columns": [
                "*"
            ],
            "operation": [
                "drop"
            ],
            "output": [
                "*"
            ]
        }
    }
}