{
    "mailstreet_default": {
        "rules": {},
        "result": {
            "columns": [
                "envelope_supplier"
            ],
            "operation": [
                "=="
            ],
            "output": [
                "MS"
            ]
        }
    },
    "AlbertBauer_DEAT": {
        "rules": {
            "fields": [
                "country",
                "priority",
                "production_mode",
                "priority"
            ],
            "operation": [
                "in",
                "not in",
                "!=",
                "sample_by_value"
            ],
            "condition": [
                [
                    "DE",
                    "AT"
                ],
                [
                    "X",
                    "M"
                ],
                "Batch",
                0.60
            ]
        },
        "result": {
            "columns": [
                "envelope_supplier"
            ],
            "operation": [
                "=="
            ],
            "output": [
                "AB"
            ]
        }
    },
    "MS_HSL": {
        "rules": {
            "fields": [
                "production_mode"
            ],
            "operation": [
                "=="
            ],
            "condition": [
                "Batch"
            ]
        },
        "result": {
            "columns": [
                "envelope_supplier"
            ],
            "operation": [
                "=="
            ],
            "output": [
                "MS"
            ]
        }
    },
    "AlbertBauer_MAODAB": {
        "rules": {
            "fields": [
                "sample_group"
            ],
            "operation": [
                "=="
            ],
            "condition": [
                "MAODAB"
            ]
        },
        "result": {
            "columns": [
                "envelope_supplier"
            ],
            "operation": [
                "=="
            ],
            "output": [
                "AB"
            ]
        }
    },
    "Mailstreet_MAOASL": {
        "rules": {
            "fields": [
                "sample_group"
            ],
            "operation": [
                "=="
            ],
            "condition": [
                "MAOASL"
            ]
        },
        "result": {
            "columns": [
                "envelope_supplier"
            ],
            "operation": [
                "=="
            ],
            "output": [
                "MS"
            ]
        }
    },
    "Mailstreet_BX": {
        "rules": {
            "fields": [
                "distribution_center"
            ],
            "operation": [
                "=="
            ],
            "condition": [
                "BX"
            ]
        },
        "result": {
            "columns": [
                "envelope_supplier"
            ],
            "operation": [
                "=="
            ],
            "output": [
                "MS"
            ]
        }
    }
}