{
    "IB_extra": {
        "rules": {
            "fields": [
                "coupon_code"
            ],
            "operation": [
                "in"
            ],
            "condition": [
                [
                    "00-CQYSJ",
                    "01-BRM4S",
                    "01-VGV2B",
                    "02-F23MJ",
                    "02-M3BZW",
                    "02-V6BER",
                    "02-WMHV5",
                    "04-HOKFM",
                    "04-IIOIZ",
                    "08-JQTPQ",
                    "09-YAABW",
                    "0B-1ZI6C",
                    "0B-VJWKX",
                    "0C-V6QAO",
                    "0D-CMDUW",
                    "0E-NS9FH",
                    "0E-VER3T",
                    "0F-HKICR",
                    "0G-8NBCV",
                    "0G-XLPKY",
                    "0I-O9EU9",
                    "0J-3RDZG",
                    "0J-FSKWU",
                    "0K-FQMT4",
                    "0K-LBJ3C",
                    "0L-88J0O",
                    "0M-7GUMY",
                    "0M-VJKQ2",
                    "0N-NTNTR",
                    "0O-8CF13",
                    "0Q-Q206P",
                    "0R-31UPF",
                    "0S-YXRZE",
                    "0T-U2KK9",
                    "0U-LMQHM",
                    "0U-VJ17Z",
                    "0V-DC1HQ",
                    "0V-JPCD2",
                    "0X-XEIOY",
                    "0Y-6K9FN",
                    "0Y-7F6U3",
                    "0Y-PENZJ",
                    "0Z-50WWJ",
                    "0Z-W9E8I",
                    "11-BDYEL",
                    "11-UO3G1",
                    "12-NXBCW",
                    "13-ZU4RT",
                    "16-CVD7L",
                    "17-4GHVM",
                    "19-1F6MJ",
                    "1A-DJKPG",
                    "1B-03H65",
                    "1D-ZZLMM",
                    "1E-7Z0LY",
                    "1E-N1GTF",
                    "1F-ZPQO6",
                    "1G-GPGWD",
                    "1H-FY6XV",
                    "1I-UO30W",
                    "1I-V2Q2S",
                    "1M-7B8XZ",
                    "1M-ZA21U",
                    "1O-33BGM",
                    "1O-RFSKU",
                    "1Q-U4I8T",
                    "1T-7TKVE",
                    "1T-WRV18",
                    "1V-G143Z",
                    "1W-Y9L2X",
                    "1X-YXZBY",
                    "1Z-OO3A1",
                    "20-16GIV",
                    "20-XI2YC",
                    "21-BGIVY",
                    "21-QE7DO",
                    "22-EGZYL",
                    "24-3TMSQ",
                    "26-8DXS8",
                    "27-4NBFE",
                    "27-UE8FK",
                    "28-HJLWL",
                    "28-X8QUQ",
                    "29-51ELS",
                    "29-XLXY4",
                    "2A-V0ZRE",
                    "2A-Z70CD",
                    "2D-27HYZ",
                    "2D-E9FQL",
                    "2E-J3J3S",
                    "2E-S1SQW",
                    "2G-ZS2D2",
                    "2J-3IMPM",
                    "2J-73LRO",
                    "2J-FXKG1",
                    "2J-OQ5LP",
                    "2L-8PBSS",
                    "2N-5PO4L",
                    "2O-2QYWR",
                    "2O-K89Z7",
                    "2O-YA4UV",
                    "2Q-61RFZ",
                    "2R-SAN6I",
                    "2V-DCIUD",
                    "2W-4LA5O",
                    "2W-BS5LI",
                    "2X-AG7ZX",
                    "2Y-ADMOG",
                    "2Y-IUDNP",
                    "2Z-9H6I1",
                    "2Z-CB1X0",
                    "2Z-GFF7U",
                    "2Z-S8AQR",
                    "33-J2URC",
                    "33-K14D6",
                    "33-Z9GY3",
                    "34-99BNP",
                    "35-EIVF5",
                    "36-BTBCJ",
                    "37-E2IXG",
                    "38-6OAUY",
                    "38-LFEOL",
                    "39-APN4Y",
                    "39-ZRH1Y",
                    "3B-OQGHI",
                    "3B-P95HY",
                    "3C-PV82Z",
                    "3E-CHYEQ",
                    "3E-QCE9B",
                    "3F-C2N45",
                    "3H-4Q6IT",
                    "3I-H1TJQ",
                    "3I-VNEYF",
                    "3J-TLJ2G",
                    "3K-QIT2F",
                    "3L-2JUKI",
                    "3M-NV3VD",
                    "3Q-3WCZD",
                    "3R-YXMLJ",
                    "3S-X82HD",
                    "3T-5X7WP",
                    "3U-0W36R",
                    "3U-56Y82",
                    "3U-DV4WB",
                    "3U-QT80Y",
                    "3U-YORPC",
                    "3V-WPT4R",
                    "3X-CM9YZ",
                    "3X-QSNRX",
                    "3Y-1GIEF",
                    "40-ZLYAL",
                    "41-SL1NS",
                    "44-7DHKH",
                    "46-U4DHH",
                    "47-IPS5O",
                    "48-WQHA8",
                    "49-2DUAV",
                    "4A-6HVRU",
                    "4A-TZ4JT",
                    "4B-TKRGW",
                    "4C-GFF8Y",
                    "4D-17XOG",
                    "4D-VVT70",
                    "4G-W1N16",
                    "4I-JW85G",
                    "4I-UZNHB",
                    "4J-O838I",
                    "4J-WQHAP",
                    "4K-0OC2V",
                    "4K-W66JY",
                    "4P-8RJSS",
                    "4P-SEEC7",
                    "4R-41XUK",
                    "4R-4UI61",
                    "4S-UP8VZ",
                    "4U-F2LI2",
                    "4U-KWO0X",
                    "4V-H41HW",
                    "4V-LRSRZ",
                    "4W-FE0LL",
                    "4W-VMZJH",
                    "4X-K3N5V",
                    "4X-RF2KJ",
                    "4Y-8AYCY",
                    "4Y-FWTM7",
                    "4Y-MNEN2",
                    "4Z-APPTP",
                    "4Z-RAJ0N",
                    "4Z-UMVTG",
                    "51-F502U",
                    "51-N2GTG",
                    "51-SW9PD",
                    "51-ZGHBI",
                    "54-W2N46",
                    "55-11GJI",
                    "55-CK3V1",
                    "55-K5EJF",
                    "55-WYN1Z",
                    "56-7MPNY",
                    "57-K53N4",
                    "59-MNNW5",
                    "59-MY7EM",
                    "59-Y3YF3",
                    "5A-FDUM3",
                    "5A-RUTJ5",
                    "5F-0KKHT",
                    "5F-MPINV",
                    "5F-XJX58",
                    "5H-OW2TM",
                    "5J-8M9YG",
                    "5K-AMWSN",
                    "5K-L0AQ3",
                    "5K-L0Y08",
                    "5M-FPV6L",
                    "5N-G2LMX",
                    "5O-RVAW2",
                    "5O-WYSZD",
                    "5P-R21UT",
                    "5R-L96JA",
                    "5S-23P4E",
                    "5S-FDG47",
                    "5S-LD9XE",
                    "5T-2FUWC",
                    "5T-FL07E",
                    "5T-G4RVN",
                    "5T-O9QOV",
                    "5U-AFU4O",
                    "5U-UIMVW",
                    "5U-V7CDE",
                    "5U-V7FXN",
                    "5V-89LFG",
                    "5W-9JNZ6",
                    "5X-3PRZV",
                    "5X-PBNSM",
                    "5Z-2RTU5",
                    "5Z-33LEI",
                    "5Z-72IRX",
                    "5Z-Z4K5B",
                    "60-7E2PX",
                    "60-PRN5O",
                    "62-FRI8U",
                    "62-QZ4X7",
                    "63-775MQ",
                    "63-YZTNP",
                    "64-TL4WO",
                    "65-R781U",
                    "67-YPLH6",
                    "68-1T2D8",
                    "68-COAU4",
                    "69-1LTK6",
                    "69-3VEJ7",
                    "69-QYOKW",
                    "6A-NNKLA",
                    "6B-LUTJB",
                    "6C-H1YHB",
                    "6C-RFNK7",
                    "6E-2NA2N",
                    "6E-OPWHF",
                    "6E-UKNY8",
                    "6F-O212E",
                    "6F-SWO97",
                    "6F-XNAIB",
                    "6G-B937J",
                    "6G-CE42K",
                    "6G-CFCQB",
                    "6H-I18VF",
                    "6I-IVIM4",
                    "6K-CVLIU",
                    "6K-PA2U7",
                    "6L-EMG5Q",
                    "6L-VJYIF",
                    "6N-260JV",
                    "6N-6TT1A",
                    "6P-9C4VJ",
                    "6Q-70LN6",
                    "6Q-91AH4",
                    "6Q-CBW84",
                    "6R-QMPTO",
                    "6R-XR9AZ",
                    "6T-P1P57",
                    "6T-XSOM8",
                    "6U-1SEX3",
                    "6U-XEUYW",
                    "6U-ZD62G",
                    "6V-2C6SL",
                    "6V-MUIVD",
                    "6Z-PRFZY",
                    "70-01FRB",
                    "70-A920B",
                    "70-KJS3K",
                    "71-4Z8NK",
                    "71-CXD4X",
                    "72-ZFFHV",
                    "73-5UTGE",
                    "74-TND1F",
                    "75-57ZRQ",
                    "76-Z9V19",
                    "78-0KPC9",
                    "7B-NNBEF",
                    "7C-FY57G",
                    "7C-I1KE0",
                    "7C-P2MYI",
                    "7C-VI6NQ",
                    "7D-OP2UC",
                    "7F-H89ZZ",
                    "7G-UWW5I",
                    "7H-ZL5A0",
                    "7K-HHZR8",
                    "7L-G5D0E",
                    "7M-ZICAU",
                    "7N-S54DV",
                    "7O-BHQ5A",
                    "7Q-4QFJR",
                    "7Q-A0KM1",
                    "7Q-C6JP0",
                    "7Q-JWNVO",
                    "7Q-NYVAY",
                    "7R-8I1JA",
                    "7T-S1RUM",
                    "7T-Z0QWP",
                    "7U-UGT48",
                    "7U-YCFH3",
                    "7V-2XTYI",
                    "7V-HVEHI",
                    "7X-6BIR0",
                    "7Y-IYOBG",
                    "80-MY1Q1",
                    "81-L6WVC",
                    "81-S9V0O",
                    "82-1JDUB",
                    "82-Z5SFP",
                    "83-YIE9S",
                    "86-ZF361",
                    "87-PQU6X",
                    "89-XAUJ6",
                    "8A-P5HM9",
                    "8B-94UM1",
                    "8D-IUSRS",
                    "8E-4B16M",
                    "8F-BMER1",
                    "8G-U8MZK",
                    "8H-MALN6",
                    "8I-4CBKP",
                    "8I-B353C",
                    "8K-77WLC",
                    "8K-9S61Z",
                    "8K-BXXDH",
                    "8K-PTQ55",
                    "8L-Q1M6B",
                    "8M-BHMOJ",
                    "8N-MQD7H",
                    "8O-20XBU",
                    "8O-G8OSN",
                    "8P-MBYAM",
                    "8Q-1BJGD",
                    "8Q-LDZKV",
                    "8R-ABIGO",
                    "8S-8ECIB",
                    "8S-XM39U",
                    "8U-CR5Y7",
                    "8U-OLWFK",
                    "8V-Y8LQ0",
                    "8V-ZKXNM",
                    "8W-5YR5S",
                    "8Y-YC8IE",
                    "90-CDDAO",
                    "91-FAQ27",
                    "91-R7FEZ",
                    "92-CJ6AL",
                    "95-R4KC8",
                    "96-AMQZX",
                    "97-M7QF0",
                    "98-B585Y",
                    "98-CXHMS",
                    "98-VKU8W",
                    "99-MIQ72",
                    "9A-D4F1F",
                    "9C-OYLES",
                    "9C-ZNPU9",
                    "9E-R006F",
                    "9F-BY3XY",
                    "9G-3W5E3",
                    "9G-6C332",
                    "9J-C890Q",
                    "9L-3C2PC",
                    "9N-2ILBR",
                    "9N-4HRH1",
                    "9O-JP7W4",
                    "9O-VQZFO",
                    "9P-XXSA3",
                    "9R-4HQ9U",
                    "9R-FVU6B",
                    "9T-RT56Y",
                    "9T-W2EIS",
                    "9U-W7WNC",
                    "9U-YQ9BY",
                    "9W-FZUF7",
                    "9W-TVTUO",
                    "9X-U41KD",
                    "A1-BJ33Y",
                    "A1-IZIB6",
                    "A1-OPEJQ",
                    "A1-RMWXQ",
                    "A1-S3FU4",
                    "A2-43AF6",
                    "A2-VPY49",
                    "A3-FVIAZ",
                    "A3-Y5132",
                    "A4-HQ6OC",
                    "A5-8SCOW",
                    "A5-PTYTI",
                    "A6-2H0FT",
                    "A6-PCLA3",
                    "A6-Z3CQE",
                    "A8-M89RH",
                    "A8-XCNI6",
                    "A9-6G0ED",
                    "A9-AHPI9",
                    "A9-CQCAQ",
                    "AB-PB0U9",
                    "AC-S4J3A",
                    "AC-V8SLS",
                    "AF-ULNOX",
                    "AG-POUH2",
                    "AH-DLHHQ",
                    "AH-GF50W",
                    "AK-LSTG5",
                    "AL-J6660",
                    "AL-MZNXX",
                    "AN-VTROG",
                    "AP-58QJ1",
                    "AP-YTMIS",
                    "AT-SWKR9",
                    "AU-SA8V6",
                    "AV-5UJ1Z",
                    "AX-ECL6U",
                    "AZ-2AA2M",
                    "B0-90S2E",
                    "B0-POONT",
                    "B1-DIXZJ",
                    "B1-ZLJHE",
                    "B2-5F454",
                    "B3-0BDBZ",
                    "B3-VU921",
                    "B5-6XQNP",
                    "B6-MM39G",
                    "B8-G3JQU",
                    "B8-M0CR1",
                    "B9-2G0XC",
                    "BA-X5PY5",
                    "BB-6WKEL",
                    "BB-CV9TZ",
                    "BB-Z3MZK",
                    "BC-XWPLO",
                    "BD-GYOKQ",
                    "BD-HUV1C",
                    "BD-INV3H",
                    "BE-INY4K",
                    "BE-QQXE2",
                    "BG-7WESM",
                    "BG-PM2QC",
                    "BH-CJE3N",
                    "BH-R6IH0",
                    "BI-ZP314",
                    "BJ-5U7KH",
                    "BJ-EWGQJ",
                    "BJ-V3QWW",
                    "BM-3473B",
                    "BM-5SF2U",
                    "BM-82ZGO",
                    "BQ-BKH8S",
                    "BR-T3G5F",
                    "BS-QSC2X",
                    "BT-5EQXO",
                    "BU-AOZTU",
                    "BU-IXCSS",
                    "BU-Q71I6",
                    "BW-APOT5",
                    "BX-HGF24",
                    "BX-JR7XD",
                    "BZ-EKCK1",
                    "BZ-RJEWR",
                    "C3-L1DMN",
                    "C7-0MH0P",
                    "C8-BILKZ",
                    "C9-7MMWE",
                    "CB-MACMM",
                    "CC-5A4I2",
                    "CD-1H1QE",
                    "CD-KME2W",
                    "CD-OBJM2",
                    "CE-7MZBA",
                    "CG-HLYGO",
                    "CG-RP3KA",
                    "CG-T5FSB",
                    "CG-ZSV42",
                    "CH-33QP6",
                    "CK-V4JK6",
                    "CP-Q6KTD",
                    "CQ-8K91F",
                    "CR-6KXH8",
                    "CS-68KYN",
                    "CS-AC7TR",
                    "CS-RKYGY",
                    "CU-6IJJU",
                    "CU-7TCDG",
                    "CU-93TDB",
                    "CV-HDPZO",
                    "CW-9S81M",
                    "CW-EON96",
                    "CX-OGIG9",
                    "D2-4L1AC",
                    "D2-SWUHE",
                    "D3-LRD77",
                    "D3-OL0UF",
                    "D3-TKQB7",
                    "D4-JPZ8U",
                    "D5-4O44Q",
                    "D7-8G6XC",
                    "D9-6DOU9",
                    "D9-JQ23Q",
                    "DC-MYQRV",
                    "DF-A11DD",
                    "DG-EBSZB",
                    "DG-QDJKO",
                    "DG-Z8Y7C",
                    "DJ-9GOKK",
                    "DK-6D5ON",
                    "DM-IVFMK",
                    "DM-YWVTP",
                    "DN-EMYYT",
                    "DO-ZB3XC",
                    "DP-QK9Z5",
                    "DQ-0RSNC",
                    "DQ-KJL0H",
                    "DS-CBDY0",
                    "DT-36YI4",
                    "DT-5B7A1",
                    "DU-5EC9R",
                    "DU-IQJWJ",
                    "DU-S8K4I",
                    "DV-F9NUR",
                    "DW-N1AMB",
                    "DW-ZQFKX",
                    "DZ-OIO3G",
                    "DZ-P1LI3",
                    "DZ-YBWLS",
                    "E0-9NN05",
                    "E1-F1F5P",
                    "E1-I6XAU",
                    "E2-YX2H5",
                    "E2-Z4UEC",
                    "E3-TU3KO",
                    "E5-39TJA",
                    "E5-8212K",
                    "E5-CKYVP",
                    "E5-ZXXSP",
                    "E6-SHDGU",
                    "E7-RWL4A",
                    "E8-RXMV7",
                    "EA-B6AHX",
                    "EA-MCSIX",
                    "EA-ZWHJV",
                    "EB-F10B5",
                    "EC-5RVAC",
                    "EC-HMQJR",
                    "ED-MC0Y2",
                    "ED-WZ3JB",
                    "EE-4O7J4",
                    "EF-ZTVP9",
                    "EG-NMG10",
                    "EK-OAW60",
                    "EK-S8GFL",
                    "EN-GQOFH",
                    "EN-XOYB8",
                    "EQ-3SEDK",
                    "EQ-GGSIX",
                    "ET-BWZ87",
                    "EU-EVDPY",
                    "EV-RFNCY",
                    "EW-6UEVP",
                    "EW-UT48G",
                    "EY-KUC06",
                    "F0-IN8VL",
                    "F0-QTGJH",
                    "F1-Z26G4",
                    "F6-466DY",
                    "F6-LGO1S",
                    "F7-2I7TJ",
                    "F7-VWTHU",
                    "F7-X9INT",
                    "F9-6Z3HP",
                    "F9-SNQI4",
                    "F9-W55R7",
                    "FA-4J9OK",
                    "FB-Z64GP",
                    "FC-6ON6K",
                    "FE-S28I5",
                    "FF-H49X8",
                    "FF-OGNKY",
                    "FH-1RWHA",
                    "FH-NDRZM",
                    "FH-Q89I8",
                    "FK-PWW7E",
                    "FK-U2ZIT",
                    "FK-UF7ZR",
                    "FL-I9S9O",
                    "FL-LFX3D",
                    "FL-PNJVG",
                    "FM-5JMQ8",
                    "FN-CJHS3",
                    "FO-ALP6C",
                    "FP-4MV2W",
                    "FP-S6RUQ",
                    "FQ-6NYNW",
                    "FQ-MD8S8",
                    "FR-9YO1O",
                    "FS-HCF5L",
                    "FT-OQMX0",
                    "FU-9LGWB",
                    "FX-5W82F",
                    "FY-FSY00",
                    "FZ-PZOV5",
                    "G0-0NIMQ",
                    "G3-7MJ8Z",
                    "G3-BULSL",
                    "G4-JZRRW",
                    "G5-CI26D",
                    "G5-L7WNW",
                    "G7-BDY2Q",
                    "G9-4NT7F",
                    "G9-K9TNV",
                    "GA-423PC",
                    "GA-7VNOO",
                    "GA-NYZ7U",
                    "GA-O55WN",
                    "GB-PWVP3",
                    "GC-0MQVJ",
                    "GD-UARE7",
                    "GE-0657A",
                    "GE-BJT60",
                    "GF-6SMIB",
                    "GG-DFB0N",
                    "GH-5ZB9R",
                    "GH-GVFG0",
                    "GH-IV5P9",
                    "GI-B75NB",
                    "GK-02AVX",
                    "GK-CI060",
                    "GK-JMP4S",
                    "GK-S42VZ",
                    "GL-V5ALT",
                    "GM-BNSMH",
                    "GM-JGJT0",
                    "GN-8YXZ2",
                    "GN-JEH1D",
                    "GO-0ZJ8Y",
                    "GP-J19TP",
                    "GQ-GZN4A",
                    "GQ-WKHZS",
                    "GR-D9G7T",
                    "GR-DVOMC",
                    "GR-NUYAX",
                    "GR-Y9X6Y",
                    "GS-YNGVJ",
                    "GT-KS7Q0",
                    "GT-VPTBU",
                    "GU-4O86E",
                    "GU-APWVY",
                    "GW-YB5S6",
                    "GW-YCPLJ",
                    "GX-T34L5",
                    "GX-UOVOJ",
                    "GY-MGO67",
                    "H1-72LZP",
                    "H2-OHHKO",
                    "H3-BLJOF",
                    "H4-8OWU8",
                    "H4-CDKNY",
                    "H4-KZS5Q",
                    "H5-IRAGN",
                    "H7-04R91",
                    "H8-0SQKC",
                    "H8-HI1XP",
                    "H9-B3AZQ",
                    "HA-6AHAW",
                    "HA-QTMBO",
                    "HB-L2F3O",
                    "HD-G0LYX",
                    "HD-MAZ38",
                    "HD-MNXUC",
                    "HE-WFHWR",
                    "HF-CKTHK",
                    "HH-B2VEW",
                    "HH-F32VG",
                    "HI-3A20X",
                    "HJ-2X62Q",
                    "HK-1MBO9",
                    "HL-93R1Y",
                    "HL-E5XT7",
                    "HM-3YOX5",
                    "HM-QLJ2W",
                    "HM-Y0X9F",
                    "HN-1M5OU",
                    "HQ-AVHJA",
                    "HQ-NE7EQ",
                    "HS-QX5TY",
                    "HT-U8CIV",
                    "HV-77B0K",
                    "HV-O2WOG",
                    "HX-EGCNT",
                    "HX-P0UE0",
                    "HY-EL1KU",
                    "I2-E1F0M",
                    "I2-ROVJB",
                    "I3-V2XCX",
                    "I4-O67KQ",
                    "I5-9EUZE",
                    "I5-ERVQV",
                    "I5-YDHM4",
                    "I6-CO63I",
                    "I7-02IAB",
                    "I7-W5E5T",
                    "I8-2Z4FM",
                    "I9-A9Q71",
                    "IC-EGHRT",
                    "IC-FB62X",
                    "IE-4W0WH",
                    "IE-CLEBB",
                    "IF-3ISC1",
                    "IG-KSM9I",
                    "II-5VPC6",
                    "IJ-EYSV3",
                    "IJ-J9YRO",
                    "IM-EFZ28",
                    "IN-SO27N",
                    "IP-G6KEO",
                    "IR-SH5S8",
                    "IS-PKYKE",
                    "IS-Z3823",
                    "IU-55NTD",
                    "IU-DLNDS",
                    "IU-FIJCZ",
                    "IV-5KHBA",
                    "IV-9DOWO",
                    "IV-H6U03",
                    "IV-HW98T",
                    "IX-0T02E",
                    "IX-KFUZU",
                    "IY-SDDYB",
                    "IZ-RH7CM",
                    "J0-2E5NS",
                    "J0-8P8SV",
                    "J1-TV7QG",
                    "J1-ZRAM9",
                    "J2-UAK9A",
                    "J4-GUI2D",
                    "J6-LTW8G",
                    "J7-0EU5E",
                    "J7-5Z2GF",
                    "J7-HCPB9",
                    "J9-DGU96",
                    "J9-V7ECM",
                    "JA-9ESXI",
                    "JA-GU84M",
                    "JA-H61NM",
                    "JA-K6GQD",
                    "JA-RM0Y8",
                    "JA-XPRWB",
                    "JC-K6XR1",
                    "JC-TT4UG",
                    "JE-GX33C",
                    "JG-688FB",
                    "JH-4LSJT",
                    "JH-SY4J8",
                    "JH-XNANO",
                    "JI-PMI7E",
                    "JJ-FDWRI",
                    "JJ-WSFNR",
                    "JL-582SY",
                    "JL-LHIP2",
                    "JM-ZV0TC",
                    "JN-GKBF4",
                    "JP-1RHTH",
                    "JP-RRVUU",
                    "JQ-MZEYC",
                    "JR-2VOB3",
                    "JR-CBVMS",
                    "JU-WCHSQ",
                    "JV-A6U59",
                    "JV-RWZOD",
                    "JW-2JW99",
                    "JW-VRGEV",
                    "JX-374LK",
                    "JY-CS6ZF",
                    "K0-K93BE",
                    "K1-KSN98",
                    "K4-X1UDF",
                    "K9-ALATV",
                    "KA-9XNH4",
                    "KB-3RINZ",
                    "KE-J0DEI",
                    "KF-1NBXH",
                    "KF-9FKS5",
                    "KF-ZIOW7",
                    "KH-FK5HH",
                    "KH-UNE6U",
                    "KI-5J28I",
                    "KI-I2QOI",
                    "KJ-DK1YW",
                    "KJ-WLGGB",
                    "KK-BZU2L",
                    "KL-26PI9",
                    "KM-OXTT8",
                    "KN-7CE3Q",
                    "KO-ANZBH",
                    "KP-WKEX5",
                    "KQ-BKZ6P",
                    "KR-06FJC",
                    "KR-UB8UE",
                    "KR-UCNYB",
                    "KT-QO5U2",
                    "KU-CUNT3",
                    "KW-6BWQ2",
                    "KW-UYFC1",
                    "KX-7IEIC",
                    "KX-KE3V1",
                    "KY-NIAHD",
                    "L1-8IO3N",
                    "L2-CAQHM",
                    "L3-58CY9",
                    "L3-CB859",
                    "L7-PXARJ",
                    "L8-26NIJ",
                    "L8-VRM9Y",
                    "L9-TPU9H",
                    "L9-TT3RZ",
                    "L9-VSDFL",
                    "LA-MW243",
                    "LC-9PI1D",
                    "LC-XJ0FZ",
                    "LD-EXIT9",
                    "LE-ZWKYT",
                    "LF-6HUJS",
                    "LH-6PW3D",
                    "LH-7LTW0",
                    "LH-H29C1",
                    "LI-600O2",
                    "LL-Q60KV",
                    "LP-07829",
                    "LP-SMB1K",
                    "LP-WZF43",
                    "LR-5SPA7",
                    "LR-MGMFS",
                    "LR-X8DSL",
                    "LS-OVCVF",
                    "LT-91KAD",
                    "LU-3F675",
                    "LU-LEG6G",
                    "LV-0EG31",
                    "LV-TGSVA",
                    "LW-5WEN6",
                    "LW-IT1US",
                    "LX-7YJ2P",
                    "LX-KYJ4P",
                    "LX-ZR977",
                    "LY-R27SC",
                    "LZ-9W6SK",
                    "M0-IZHUB",
                    "M2-JCSDE",
                    "M4-N4TU8",
                    "M5-9A2C9",
                    "M8-CI7CZ",
                    "M8-XTWYS",
                    "M9-HA2FR",
                    "MF-3OIJ4",
                    "MG-DS007",
                    "MG-MTIW6",
                    "MH-CW0UN",
                    "MI-2PGJD",
                    "MI-IQ5J1",
                    "MK-6VEOU",
                    "MK-9VD9K",
                    "ML-017HX",
                    "ML-H31NA",
                    "MM-SHEZZ",
                    "MN-B6HQQ",
                    "MN-Y7NXV",
                    "MO-CDE2O",
                    "MO-DY97C",
                    "MP-GT02J",
                    "MQ-O1G6S",
                    "MR-59YYM",
                    "MR-SY7IQ",
                    "MS-BF29P",
                    "MT-5RZE5",
                    "MV-PBLHV",
                    "MV-VLPHU",
                    "MW-0L4KV",
                    "MW-7BVVR",
                    "MX-YD1TO",
                    "MZ-UUCJ0",
                    "N0-07Z1W",
                    "N3-1H1B8",
                    "N3-CJSZN",
                    "N4-LQOR3",
                    "N6-L5S4B",
                    "N6-TI6SM",
                    "N6-X1HEB",
                    "N7-3FG0R",
                    "N7-53W6Z",
                    "N7-ROMBT",
                    "N8-SG7J6",
                    "N9-LZV9S",
                    "NC-EDDBP",
                    "ND-541QB",
                    "ND-H84XZ",
                    "NE-51XRQ",
                    "NE-Y0KUD",
                    "NF-7LZGP",
                    "NF-HCCDM",
                    "NF-RFVP8",
                    "NG-TM2B4",
                    "NI-Q9N1T",
                    "NM-4U5P3",
                    "NN-6JMMM",
                    "NN-NCHH8",
                    "NN-TZDDV",
                    "NQ-HIMGN",
                    "NR-865PP",
                    "NR-S3R6D",
                    "NS-JJ6RS",
                    "NU-05UHC",
                    "NV-5ERWT",
                    "NY-FSKBR",
                    "NY-K42YK",
                    "O0-TS177",
                    "O1-5C7BY",
                    "O1-G8U7F",
                    "O3-D5DR6",
                    "O4-SF8N4",
                    "O5-FANS6",
                    "O5-IOVOJ",
                    "O5-KC95B",
                    "O5-UAQFA",
                    "O6-3BR7D",
                    "O6-JMIW4",
                    "O7-38IA5",
                    "O8-5UJJM",
                    "O8-Z9XIJ",
                    "O9-TFT0V",
                    "OB-R4MOP",
                    "OC-0S36H",
                    "OC-VQ8QF",
                    "OG-HVKTM",
                    "OH-VEHPM",
                    "OL-086RG",
                    "OL-LTRYC",
                    "OL-NNO6B",
                    "OL-YQHY0",
                    "OM-2I71O",
                    "OM-SRGD8",
                    "ON-1082Q",
                    "ON-J5V33",
                    "OO-N2HMQ",
                    "OO-PKKYJ",
                    "OP-07ZNL",
                    "OR-QMBJH",
                    "OV-LKVQ2",
                    "OX-NQMJS",
                    "OX-PHG2I",
                    "OX-SPMEV",
                    "OX-X5DDU",
                    "OY-RAGPS",
                    "OZ-U653J",
                    "P0-A09P0",
                    "P0-F44B8",
                    "P1-QBQU5",
                    "P1-RBCEZ",
                    "P3-5JT1U",
                    "P3-YOD97",
                    "P4-84O64",
                    "P4-EYO3J",
                    "P4-GUDPV",
                    "P7-2LDA8",
                    "PB-Z2ZNK",
                    "PC-A1BTE",
                    "PC-CYRPO",
                    "PD-PNQEP",
                    "PE-HKI3J",
                    "PF-OYGBW",
                    "PF-Z8M63",
                    "PG-W6NA0",
                    "PH-QU571",
                    "PI-IHJ9G",
                    "PI-ZBO0W",
                    "PL-15T4V",
                    "PN-CT3R7",
                    "PN-NULSF",
                    "PN-S0PXR",
                    "PN-U90VW",
                    "PP-RI3VC",
                    "PP-X8WWZ",
                    "PQ-QQ823",
                    "PR-7EPS4",
                    "PS-7JOM2",
                    "PS-R29K5",
                    "PT-3RAFR",
                    "PV-J5ZPB",
                    "PW-UQRX5",
                    "PX-9SYL7",
                    "PZ-99516",
                    "Q0-UJEQJ",
                    "Q1-7JFVV",
                    "Q2-QTPBC",
                    "Q5-USP25",
                    "Q5-VDE8C",
                    "Q6-501P9",
                    "Q6-DONHR",
                    "Q6-RT64T",
                    "Q6-U60M4",
                    "Q7-V4XP6",
                    "Q8-DEASN",
                    "QA-8RHFS",
                    "QA-GVJYK",
                    "QA-LPUEE",
                    "QA-M8PFO",
                    "QA-WQ8GB",
                    "QB-1V5CW",
                    "QD-BH319",
                    "QE-9VPVS",
                    "QE-LE3GE",
                    "QE-XIOLJ",
                    "QF-O99N1",
                    "QF-RD72U",
                    "QG-EHKBP",
                    "QG-Y0QH0",
                    "QG-Z8WC3",
                    "QI-I3RRD",
                    "QI-Y1XKB",
                    "QN-5XY4C",
                    "QO-NVUQ5",
                    "QP-ZAX54",
                    "QQ-NJMTX",
                    "QQ-Z58L9",
                    "QR-BC6O8",
                    "QR-LARZY",
                    "QT-N926D",
                    "QU-RWVP3",
                    "QU-WKIZK",
                    "QV-568EG",
                    "QV-AWFSG",
                    "QV-DFSYP",
                    "QV-X0IW7",
                    "QW-AVGZG",
                    "QX-ZYUR2",
                    "R3-9DX77",
                    "R3-CM676",
                    "R5-EEKCT",
                    "R5-L5Y2Q",
                    "R6-A26C6",
                    "R7-NTNCR",
                    "R8-H876M",
                    "R9-0O9LV",
                    "R9-H9CQ4",
                    "R9-PBHT8",
                    "RA-D5FDC",
                    "RA-QKVK5",
                    "RC-GYQL6",
                    "RD-AXS0L",
                    "RD-H8TC3",
                    "RD-XQEK6",
                    "RD-ZIO34",
                    "RE-2VW75",
                    "RE-ONNYH",
                    "RF-XZDVL",
                    "RH-26ZCF",
                    "RJ-22L7U",
                    "RL-VAYNK",
                    "RM-267LU",
                    "RN-1TQ2Z",
                    "RQ-1OXRJ",
                    "RQ-QI0HL",
                    "RQ-TX3F6",
                    "RV-HCL07",
                    "RV-SJW22",
                    "RX-W5GS6",
                    "RY-VOW8E",
                    "RZ-2UT90",
                    "RZ-DXCR2",
                    "RZ-O7VCV",
                    "RZ-SODHH",
                    "S1-4V6YW",
                    "S1-M98AC",
                    "S1-MT2SH",
                    "S1-PBV5D",
                    "S1-SYFMA",
                    "S3-43VHZ",
                    "S6-M69ZY",
                    "S6-O4COT",
                    "S8-T76GI",
                    "S9-1LG57",
                    "S9-SCKDG",
                    "SC-B8RGZ",
                    "SC-GI2LY",
                    "SC-UDJYE",
                    "SD-O50U6",
                    "SD-Y0OZU",
                    "SE-1ETF0",
                    "SE-X7FRF",
                    "SF-OG2L3",
                    "SG-QZEEQ",
                    "SH-XZ0QM",
                    "SI-UIMCI",
                    "SJ-0IE63",
                    "SJ-R4Y8L",
                    "SL-72J1W",
                    "SM-0M4VO",
                    "SM-PGT9W",
                    "SN-HF1AS",
                    "SO-J5XY9",
                    "SQ-IH6GN",
                    "SQ-JUHFK",
                    "SQ-PXJ4C",
                    "SR-Z40R4",
                    "SS-7KCY4",
                    "ST-5GR3K",
                    "ST-6R0DM",
                    "SU-9SASJ",
                    "SU-VQ5KN",
                    "SV-SUG78",
                    "SW-H1RUT",
                    "SW-KQH42",
                    "SX-2W5X9",
                    "SY-CETE9",
                    "T0-DZ9SF",
                    "T4-0EOVD",
                    "T5-CVFQD",
                    "T8-MFGAU",
                    "T8-VBLVF",
                    "T9-78IQ3",
                    "TB-B36PM",
                    "TB-LRGQ9",
                    "TC-YCBKO",
                    "TE-VB9V5",
                    "TF-3TWPS",
                    "TG-DS70W",
                    "TI-RXHCL",
                    "TK-VZYZ2",
                    "TL-8L8I2",
                    "TL-EYHUP",
                    "TM-Y41NG",
                    "TO-6RS9D",
                    "TP-ALD0G",
                    "TP-BK7YP",
                    "TP-HJ36M",
                    "TP-KE5QT",
                    "TP-SXP8S",
                    "TQ-JJKZC",
                    "TR-WM1I4",
                    "TS-OPFVJ",
                    "TS-Z7AH2",
                    "TV-2OMPC",
                    "TV-97D0Z",
                    "TW-TRZ9O",
                    "TY-EUMUW",
                    "TY-Q2KW6",
                    "TZ-B8SU7",
                    "U1-38V4P",
                    "U1-GIZOZ",
                    "U1-XKV1N",
                    "U3-CSVVO",
                    "U4-EAXLN",
                    "U5-6J0PV",
                    "U6-3196H",
                    "U7-RPFTA",
                    "U9-R0CM4",
                    "UB-7MT50",
                    "UC-PTQ3W",
                    "UD-W3S6Q",
                    "UF-BM11S",
                    "UF-X1XVQ",
                    "UH-72M31",
                    "UI-MKX49",
                    "UJ-F99Z1",
                    "UJ-KUXM6",
                    "UJ-PPEHX",
                    "UK-OSCZ3",
                    "UK-YSTWM",
                    "UM-OASN6",
                    "UN-UL9QY",
                    "UN-XM5ED",
                    "UO-MVDTT",
                    "UQ-0KDFG",
                    "UQ-7DGKJ",
                    "UQ-D0SNH",
                    "UQ-FBJV8",
                    "UQ-G339S",
                    "UQ-ML9L4",
                    "UQ-UIG1H",
                    "US-5DC8X",
                    "UU-TV3CX",
                    "UU-VLGJA",
                    "UV-A3X1O",
                    "UW-LDSH7",
                    "UY-D60XA",
                    "UZ-OKYWT",
                    "V0-MAE8R",
                    "V1-2NCLR",
                    "V1-WBC5N",
                    "V2-DDROD",
                    "V2-FA1G4",
                    "V2-ZX1LO",
                    "V3-O3G8O",
                    "V5-5C9ZR",
                    "V6-BJ6U8",
                    "V6-K1EGS",
                    "V6-Y21IJ",
                    "V8-4KSFS",
                    "V8-RTQYS",
                    "VA-2H4UT",
                    "VC-IS1Q0",
                    "VD-0EGZW",
                    "VD-5547J",
                    "VE-MVB2F",
                    "VF-0CO4P",
                    "VF-ZOF6T",
                    "VH-5O2CG",
                    "VI-MQ4J6",
                    "VI-U42G7",
                    "VK-ABFCD",
                    "VL-6TJA9",
                    "VL-EWXG5",
                    "VP-8GUV0",
                    "VQ-4MDYZ",
                    "VR-5ZFBA",
                    "VT-7DGK2",
                    "VT-FD9EO",
                    "VU-TNH9V",
                    "VV-PZBCO",
                    "VW-EMYHS",
                    "VW-M6DW0",
                    "VW-SBEQP",
                    "VW-TKOVU",
                    "VZ-P6K88",
                    "W0-4Z3TT",
                    "W2-CMT0O",
                    "W2-GAZJQ",
                    "W3-70M93",
                    "W3-KR8TZ",
                    "OM-VO5HN",
                    "ON-4YBF0",
                    "ON-7MQHG",
                    "ON-9FWNC",
                    "ON-9J5OZ",
                    "ON-D8LSR",
                    "ON-G9P9O",
                    "ON-LFUDZ",
                    "ON-MRA6A",
                    "ON-NBWVI",
                    "ON-YA1LI",
                    "ON-YM0X7",
                    "OO-3EWYM",
                    "OO-7KNYP",
                    "OO-JKK57",
                    "OO-M3FD1",
                    "OO-NURP4",
                    "OO-QSSX3",
                    "OO-SZ6KS",
                    "OO-TIU22",
                    "OO-WUW8W",
                    "OO-Z3CBI",
                    "OP-3Z4FK",
                    "OP-B4EDS",
                    "OP-HE0MQ",
                    "OP-JRUZT",
                    "OQ-0JF4P",
                    "OQ-1E7J0",
                    "OQ-D011V",
                    "OQ-DKFGW",
                    "OQ-IGFFS",
                    "OQ-IHSIU",
                    "OQ-KD3QX",
                    "OQ-MY4LF",
                    "OQ-WGEFH",
                    "OR-1BEVV",
                    "OR-419PT",
                    "OR-HE8OY",
                    "OR-J7YIE",
                    "OR-RAMHE",
                    "OS-4HRKM",
                    "OS-9YPTT",
                    "OS-JL2TP",
                    "OS-NGM9L",
                    "OS-X0CSO",
                    "OT-05LV3",
                    "OT-402EI",
                    "OT-D38NV",
                    "OT-IAWHG",
                    "OT-R33O5",
                    "OT-ZPYQI",
                    "OT-ZSACW",
                    "OU-36O1D",
                    "OU-76UHG",
                    "OU-7W7GM",
                    "OU-E4EJ9",
                    "OU-M58GR",
                    "OU-PGVDX",
                    "OU-QCDY4",
                    "OU-XBLKH",
                    "OU-ZLC03",
                    "OV-07TQE",
                    "OV-2DS2Y",
                    "OV-7BJZL",
                    "OV-AS866",
                    "OV-BMPUO",
                    "OW-8VMTU",
                    "OW-PGYRO",
                    "OX-2FBHI",
                    "OX-4NV15",
                    "OX-8WVS4",
                    "OX-C0A8H",
                    "OX-UHCII",
                    "OX-ZPXF1",
                    "OY-9R2AZ",
                    "OY-WE7YE",
                    "OY-X77SJ",
                    "OZ-4HLRJ",
                    "OZ-6LBCL",
                    "OZ-CK8T0",
                    "OZ-DWG9P",
                    "OZ-M5ZTF",
                    "OZ-M6KFM",
                    "OZ-X12WZ",
                    "P0-2ZRPY",
                    "P0-EQL9Z",
                    "P0-LWZSP",
                    "P0-NQQ51",
                    "P0-RVUK0",
                    "P1-5XRCC",
                    "P1-DM9J5",
                    "P1-SBBVB",
                    "P2-JJZN8",
                    "P2-LC3Z1",
                    "P2-QUM96",
                    "P2-U4WXR",
                    "P3-49SIM",
                    "P3-5UZHT",
                    "P3-HIY57",
                    "P3-JQO70",
                    "P4-H0OSB",
                    "P5-AM2J9",
                    "P5-NEBQR",
                    "P6-9T6SK",
                    "P6-COCRU",
                    "P6-IPRHW",
                    "P6-KJLH2",
                    "P6-TWGCA",
                    "P6-TZE8N",
                    "P7-QQHLY",
                    "P7-RAG8F",
                    "P8-37XVJ",
                    "P8-5FGNO",
                    "P8-CZK22",
                    "P8-G1I4Z",
                    "P8-PUYYU",
                    "P9-8O1EZ",
                    "P9-GL9HC",
                    "P9-MLV4X",
                    "P9-QIWUV",
                    "P9-R1XC4",
                    "P9-USCT6",
                    "P9-VISGT",
                    "P9-Y087X",
                    "PA-5JVMM",
                    "PA-BTOQ9",
                    "PA-CJ8GM",
                    "PA-DQFR0",
                    "PA-HL7D9",
                    "PA-IYFHK",
                    "PA-O7FIH",
                    "PA-V013C",
                    "PA-XRYHE",
                    "PA-YMCGT",
                    "PA-ZRXYF",
                    "PB-410ZW",
                    "PC-014DH",
                    "PC-6WX13",
                    "PC-LJJGL",
                    "PC-M454J",
                    "PC-STPF2",
                    "PC-TWAKD",
                    "PD-84LOT",
                    "PD-C6VBM",
                    "PD-HMXPN",
                    "PE-3YFSX",
                    "PE-ENCOZ",
                    "PE-F61KU",
                    "PE-FVKPB",
                    "PE-HW445",
                    "PE-UXRRP",
                    "PF-2TGQ0",
                    "PF-9MQ7G",
                    "PF-CAC80",
                    "PF-DQ1ZF",
                    "PF-M4OUD",
                    "PF-VVBL7",
                    "PF-W2RHM",
                    "PF-WGKAL",
                    "PG-4C28G",
                    "PG-ARF66",
                    "PG-IA4KF",
                    "PH-2ISKW",
                    "PH-BC51A",
                    "PH-F8NUF",
                    "PH-NZRSS",
                    "PH-O5X04",
                    "PH-TWQEI",
                    "PI-63XDP",
                    "PI-D7DET",
                    "PI-FZ4ND",
                    "PI-TBXCK",
                    "PI-UR8R5",
                    "PI-VBLA7",
                    "PJ-BL7ME",
                    "PJ-D9QOX",
                    "PJ-OK7TF",
                    "PK-8S6HL",
                    "PK-G5USB",
                    "PK-IO3FR",
                    "PK-JLN2Q",
                    "PK-U4WN7",
                    "PK-W7S31",
                    "PL-3JTBZ",
                    "PL-44TAP",
                    "PL-AY98P",
                    "PL-CO52E",
                    "PL-JJINK",
                    "PL-JPUZW",
                    "PL-MFAL5",
                    "PM-0HJQK",
                    "PM-40G2U",
                    "PM-6JZT8",
                    "PM-AO84C",
                    "PM-DDDSH",
                    "PM-G1GW9",
                    "PM-I6ETK",
                    "PM-NPWAY",
                    "PM-PAK4N",
                    "PM-PBL4R",
                    "PM-RNK9Y",
                    "PM-VSEQW",
                    "PM-Y3372",
                    "PN-36VQH",
                    "PN-S3D4A",
                    "PN-TVD74",
                    "PO-EDHDP",
                    "PO-HI69T",
                    "PO-J0WHA",
                    "PO-XO2N3",
                    "PP-1ZJ9F",
                    "PP-71435",
                    "PP-BNJAG",
                    "PP-D0PO3",
                    "PP-DCSLR",
                    "PP-P4X7U",
                    "PP-VPB49",
                    "PP-VVE02",
                    "PP-VW1FY",
                    "PQ-BN05J",
                    "PQ-Q941N",
                    "PQ-TSUW5",
                    "PQ-UD0WD",
                    "PR-5UNWZ",
                    "PR-UNSYD",
                    "PS-70AHP",
                    "PS-BW6JV",
                    "PS-WNVDB",
                    "PT-ASYVI",
                    "PT-KLFZY",
                    "PT-NU249",
                    "PU-1E58Y",
                    "PU-9LJ1Z",
                    "PU-GLMKE",
                    "PU-O1D11",
                    "PU-ZSCKY",
                    "PV-01UH1",
                    "PV-NZFE2",
                    "PV-O1ZLV",
                    "PV-SLL2Z",
                    "PV-TY80O",
                    "PV-VFHPZ",
                    "PW-1BB93",
                    "PW-3L6E5",
                    "PW-NL16R",
                    "PW-S47K4",
                    "PW-TUOVX",
                    "PW-X0VBZ",
                    "PW-ZTWTO",
                    "PX-9PJ35",
                    "PY-MA3FZ",
                    "PY-NEIX9",
                    "PY-QZXOP",
                    "PZ-0G553",
                    "PZ-0UWKN",
                    "PZ-23U4F",
                    "PZ-AYYOF",
                    "PZ-DL0V7",
                    "PZ-PQIAS",
                    "PZ-W1AOQ",
                    "Q0-11ZMC",
                    "Q0-1X8FY",
                    "Q0-4GARW",
                    "Q0-HJWFX",
                    "Q0-IML6U",
                    "Q0-NWS41",
                    "Q0-U8RPK",
                    "Q0-UMVL8",
                    "Q1-0CWSJ",
                    "Q1-19AOW",
                    "Q1-9ISSW",
                    "Q1-AX8BG",
                    "Q1-HHXW1",
                    "Q1-MJVJ7",
                    "Q1-V0JFY",
                    "Q2-63G3U",
                    "Q2-6FM3D",
                    "Q2-AJY5G",
                    "Q2-MKH88",
                    "Q3-35MD4",
                    "Q3-AGWXQ",
                    "Q3-IJQPW",
                    "Q3-RTDXF",
                    "Q3-V7XHA",
                    "Q3-W42I4",
                    "Q3-ZDXH4",
                    "Q4-884RJ",
                    "Q4-DM09K",
                    "Q4-EZOQX",
                    "Q5-6LKIV",
                    "Q5-9YTLO",
                    "Q5-BRO56",
                    "Q5-DE701",
                    "Q5-EYBZY",
                    "Q5-HLI1U",
                    "Q5-JKZ7I",
                    "Q5-Q87YO",
                    "Q5-UIW0A",
                    "Q5-UJEKJ",
                    "Q5-XJOVU",
                    "Q6-6R3U5",
                    "Q6-AZNN7",
                    "Q6-BVJJQ",
                    "Q6-I02FG",
                    "Q6-MYBYE",
                    "Q6-U49WZ",
                    "Q7-2OR4F",
                    "Q7-4SO2N",
                    "Q7-6X4UR",
                    "Q7-8IADF",
                    "Q7-IA7Z6",
                    "Q7-IVBKV",
                    "Q7-WC7LN",
                    "Q8-9QWHR",
                    "Q8-NMJVL",
                    "Q8-WHQHM",
                    "Q9-5LMRU",
                    "Q9-8ZUSZ",
                    "Q9-CNOJ9",
                    "Q9-DJIUI",
                    "Q9-VI77F",
                    "QA-33JUQ",
                    "QA-465Q0",
                    "QA-4LPCB",
                    "QA-D6ZKU",
                    "QA-EERXY",
                    "QA-RBQN0",
                    "QA-RQYB3",
                    "QB-D6B1E",
                    "QB-DF4EC",
                    "QB-DVMDD",
                    "QB-E6246",
                    "QB-I4QDT",
                    "QB-MMSPW",
                    "QB-YLT64",
                    "QC-74RF5",
                    "QC-BANQL",
                    "QC-DHHQL",
                    "QC-F07GL",
                    "QC-U9S32",
                    "QC-UQ7ZK",
                    "QC-X0UDQ",
                    "QC-ZOPD2",
                    "QD-61UE6",
                    "QD-646PC",
                    "QD-6K369",
                    "QD-6KBNE",
                    "QD-6OUOR",
                    "QD-D8XDS",
                    "QD-MHQLA",
                    "QD-S1U4X",
                    "QE-GU7UW",
                    "QE-KXMXC",
                    "QE-PIRDR",
                    "QE-QNEEZ",
                    "QE-ZZPTR",
                    "QF-559VG",
                    "QF-I1IPF",
                    "QF-OGEII",
                    "QF-OXEDF",
                    "QF-U7G1Y",
                    "QG-JXT8T",
                    "QG-LWO7Z",
                    "QH-0S54X",
                    "QH-4BH12",
                    "QH-5D28H",
                    "QH-73FOX",
                    "QH-IWTTK",
                    "QH-JJ5K6",
                    "QH-KX7NN",
                    "QH-U9HB8",
                    "QH-WYZD5",
                    "QI-O6X16",
                    "QI-X7C6R",
                    "QJ-0A4RC",
                    "QJ-1YSU6",
                    "QJ-2JS6M",
                    "QJ-5BPEH",
                    "QJ-6UVBM",
                    "QJ-DSJNZ",
                    "QJ-MJOW1",
                    "QJ-YTN5E",
                    "QK-44YBB",
                    "QK-6IYLA",
                    "QK-75ZAW",
                    "QK-GLH0O",
                    "QK-H8AWL",
                    "QK-O1W4K",
                    "QK-TEZ5S",
                    "QK-XANUS",
                    "QK-Y1P92",
                    "QL-GLQVB",
                    "QL-LBXDF",
                    "QL-UQLVO",
                    "QL-YDQ3G",
                    "QM-1QIXB",
                    "QM-E3J5Z",
                    "QM-OCJBO",
                    "QM-QMRW0",
                    "QM-RWXAV",
                    "QM-X633L",
                    "QM-XWQPV",
                    "QM-Z33FA",
                    "QN-6TXH0",
                    "QN-8ET3D",
                    "QN-8IMVV",
                    "QN-8JI1D",
                    "QN-DGYYQ",
                    "QN-EAJCU",
                    "QN-FKC8D",
                    "QN-GNW78",
                    "QN-LPI8U",
                    "QN-RA7LV",
                    "QN-RZ89S",
                    "QN-W2Z1S",
                    "QO-4T8MC",
                    "QO-8SJMP",
                    "QO-9JTQQ",
                    "QO-AEXZ2",
                    "QO-BNJAK",
                    "QO-DJVPO",
                    "QO-I1MK2",
                    "QO-QN451",
                    "QO-ZX22U",
                    "QP-DQUSV",
                    "QP-MEB3Q",
                    "QP-OD0W6",
                    "QP-P1YBX",
                    "QQ-CP2OX",
                    "QQ-H4QFZ",
                    "QQ-HUL14",
                    "QQ-N6KZP",
                    "QR-A91NO",
                    "QR-E5LBN",
                    "QR-GEFV9",
                    "QR-ITKJA",
                    "QR-JN5LP",
                    "QR-LZ2P2",
                    "QR-M5FC7",
                    "QR-VDZY4",
                    "QS-5J4CQ",
                    "QS-FD5K6",
                    "QS-UKX98",
                    "QS-Z2YED",
                    "QT-8RR0O",
                    "QT-VQLWD",
                    "QT-X3HYX",
                    "QT-X6LQU",
                    "QU-2E43R",
                    "QU-2H58B",
                    "QU-3DWSQ",
                    "QU-QVFUA",
                    "QU-SJ1TE",
                    "QV-83121",
                    "QV-KKSDW",
                    "QV-LP4QH",
                    "QV-SAFC3",
                    "QV-UX8QH",
                    "QV-VAO5B",
                    "QW-44U7H",
                    "QW-82N11",
                    "QW-9VMW9",
                    "QW-E4N5S",
                    "QW-MD1V8",
                    "QW-PFU6X",
                    "QW-UM3JI",
                    "QW-ZIX5Y",
                    "QX-1P0GM",
                    "QX-AWMZ8",
                    "QX-CWZGI",
                    "QX-L43YD",
                    "QX-QBEPV",
                    "QY-8G8FP",
                    "QY-DCELX",
                    "QY-JPTO9",
                    "QY-SYANV",
                    "QY-TN1WO",
                    "QY-TSX2D",
                    "QY-XR3WG",
                    "QY-YMK1J",
                    "QZ-1TJFY",
                    "QZ-40YVG",
                    "QZ-ARS2Z",
                    "QZ-D4GOG",
                    "QZ-H7478",
                    "QZ-NJX0R",
                    "QZ-NWGWV",
                    "R0-GYQQV",
                    "R0-U831Y",
                    "R0-XUPI7",
                    "R0-ZDS1Q",
                    "R1-0P2U6",
                    "R1-0YIPN",
                    "R1-383LI",
                    "R1-CIC0B",
                    "R1-DK1BC",
                    "R1-EQOEX",
                    "R1-I5EWI",
                    "R1-LG9AS",
                    "R1-N25YY"
                ]
            ]
        },
        "result": {
            "columns": [
                "extras"
            ],
            "operation": [
                "append_extra"
            ],
            "output": [
                [
                    "IB"
                ]
            ]
        }
    }
}