{
    "deb": {
        "rules": {
            "fields": [
                "country",
                "loyalty_status"
            ],
            "operation": [
                "==",
                ">"
            ],
            "condition": [
                "DE",
                1
            ]
        },
        "result": {
            "columns": [
                "extras"
            ],
            "operation": [
                "append_extra"
            ],
            "output": [
                [
                    "DEB"
                ]
            ]
        }
    },
    "atb": {
        "rules": {
            "fields": [
                "country"
            ],
            "operation": [
                "=="
            ],
            "condition": [
                "AT"
            ]
        },
        "result": {
            "columns": [
                "extras"
            ],
            "operation": [
                "append_extra"
            ],
            "output": [
                [
                    "ATB"
                ]
            ]
        }
    },
    "infoflyer": {
        "rules": {
            "fields": [
                "country"
            ],
            "operation": [
                "in"
            ],
            "condition": [
                [
                    "DE",
                    "AT"
                ]
            ]
        },
        "result": {
            "columns": [
                "extras"
            ],
            "operation": [
                "append_extra"
            ],
            "output": [
                [
                    "CIF"
                ]
            ]
        }
    }
}