{
    "fallback_service_type": {
        "rules": {
            "fields": [
                "service_type"
            ],
            "operation": [
                "=="
            ],
            "condition": [
                ""
            ]
        },
        "result": {
            "columns": [
                "service_type"
            ],
            "operation": [
                "=="
            ],
            "output": [
                "Express12"
            ]
        }
    },
    "fallback_lane": {
        "rules": {
            "fields": [
                "lane"
            ],
            "operation": [
                "=="
            ],
            "condition": [
                ""
            ]
        },
        "result": {
            "columns": [
                "lane"
            ],
            "operation": [
                "=="
            ],
            "output": [
                "Region"
            ]
        }
    },
    "fallback_DE": {
        "rules": {
            "fields": [
                "carrier",
                "country",
                "delivery_weekday"
            ],
            "operation": [
                "==",
                "==",
                "!="
            ],
            "condition": [
                "",
                "DE",
                "Monday"
            ]
        },
        "result": {
            "columns": [
                "carrier",
                "lane_by_delivery_time",
                "priority"
            ],
            "operation": [
                "==",
                "==",
                "=="
            ],
            "output": [
                "DPD",
                "DPD-Mid",
                "Z"
            ]
        }
    },
    "fallback_DE_Monday": {
        "rules": {
            "fields": [
                "carrier",
                "country",
                "delivery_weekday"
            ],
            "operation": [
                "==",
                "==",
                "=="
            ],
            "condition": [
                "",
                "DE",
                "Monday"
            ]
        },
        "result": {
            "columns": [
                "carrier",
                "lane_by_delivery_time",
                "priority"
            ],
            "operation": [
                "==",
                "==",
                "=="
            ],
            "output": [
                "UPS",
                "UPS-Mid",
                "Z"
            ]
        }
    },
    "fallback_AT": {
        "rules": {
            "fields": [
                "carrier",
                "country"
            ],
            "operation": [
                "==",
                "=="
            ],
            "condition": [
                "",
                "AT"
            ]
        },
        "result": {
            "columns": [
                "carrier",
                "lane_by_delivery_time",
                "priority"
            ],
            "operation": [
                "==",
                "==",
                "=="
            ],
            "output": [
                "Primetime",
                "AT-National",
                "Z"
            ]
        }
    }
}