{
    "loyalty_default": {
        "rules": {},
        "result": {
            "columns": [
                "loyalty"
            ],
            "operation": [
                "=="
            ],
            "output": [
                0
            ]
        }
    },
    "loyalty": {
        "rules": {
            "fields": [
                "extras",
                "extras",
                "extras"
            ],
            "operation": [
                "!=",
                "!=",
                "!="
            ],
            "condition": [
                "",
                "TM",
                "DC"
            ]
        },
        "result": {
            "columns": [
                "loyalty"
            ],
            "operation": [
                "=="
            ],
            "output": [
                1
            ]
        }
    },
    "dc_default": {
        "rules": {},
        "result": {
            "columns": [
                "DC"
            ],
            "operation": [
                "=="
            ],
            "output": [
                0
            ]
        }
    },
    "dc": {
        "rules": {
            "fields": [
                "extras"
            ],
            "operation": [
                "contains"
            ],
            "condition": [
                [
                    "DC"
                ]
            ]
        },
        "result": {
            "columns": [
                "DC"
            ],
            "operation": [
                "=="
            ],
            "output": [
                1
            ]
        }
    }
}