{
    "MS1": {
        "rules": {
            "fields": [
                "loyalty_status",
                "country",
                "initial_delivery_date"
            ],
            "operation": [
                "==",
                "==",
                "date_is_later"
            ],
            "condition": [
                1,
                "CH",
                "2021-07-09"
            ]
        },
        "result": {
            "columns": [
                "extras"
            ],
            "operation": [
                "append_extra"
            ],
            "output": [
                ["MS1"]
            ]
        }
    },
    "MS4": {
        "rules": {
            "fields": [
                "loyalty_status",
                "country",
                "initial_delivery_date",
                "initial_delivery_date"
            ],
            "operation": [
                "==",
                "==",
                "less_than_x_weeks_passed",
                "date_is_later"
            ],
            "condition": [
                4,
                "CH",
                12,
                "2021-07-09"
            ]
        },
        "result": {
            "columns": [
                "extras"
            ],
            "operation": [
                "append_extra"
            ],
            "output": [
                ["MS4"]
            ]
        }
    },
    "MS6": {
        "rules": {
            "fields": [
                "loyalty_status",
                "country",
                "initial_delivery_date",
                "initial_delivery_date"
            ],
            "operation": [
                "==",
                "==",
                "less_than_x_weeks_passed",
                "date_is_later"
            ],
            "condition": [
                6,
                "CH",
                12,
                "2021-07-09"
            ]
        },
        "result": {
            "columns": [
                "extras"
            ],
            "operation": [
                "append_extra"
            ],
            "output": [
                ["MS6"]
            ]
        }
    },
    "MS8": {
        "rules": {
            "fields": [
                "loyalty_status",
                "country",
                "initial_delivery_date",
                "initial_delivery_date"
            ],
            "operation": [
                ">",
                "==",
                "less_than_x_weeks_passed",
                "date_is_later"
            ],
            "condition": [
                8,
                "CH",
                12,
                "2021-07-09"
            ]
        },
        "result": {
            "columns": [
                "extras"
            ],
            "operation": [
                "append_extra"
            ],
            "output": [
                ["MS8"]
            ]
        }
    }
}