{
    "pr_boxes_voucher": {
        "rules": {
            "fields": [
                "coupon_code"
            ],
            "operation": [
                "in"
            ],
            "condition": [
                [
                    "02-B65V9",
                    "02-WLVTA",
                    "02-XLQOI",
                    "03-FKEP0",
                    "04-8G4V3",
                    "04-V07P6",
                    "07-ZJWW6",
                    "08-KK4KD",
                    "0B-JKGL2",
                    "0D-ZDE2F",
                    "0F-LP0QG",
                    "0K-BU13P",
                    "0M-PPH8O",
                    "0N-5HU5M",
                    "0N-CARZW",
                    "0Q-FQWZY",
                    "0Q-LUTNI",
                    "0Q-VIVN2",
                    "0U-SCM69",
                    "0W-2BXRQ",
                    "0W-87V7G",
                    "0X-XH0NP",
                    "11-90X3J",
                    "12-A5XAO",
                    "12-A7Z2F",
                    "12-MRFSN",
                    "12-R3387",
                    "12-Y7KFQ",
                    "14-RTPOI",
                    "16-ASYT3",
                    "18-T6AIU",
                    "19-9Y861",
                    "1A-FXDNZ",
                    "1D-ULRCN",
                    "1E-99HM5",
                    "1G-2APOZ",
                    "1I-FFAMJ",
                    "1K-S2ZQ7",
                    "1M-9QOJY",
                    "1O-FLKNK",
                    "1P-N94KA",
                    "1R-MUQ7M",
                    "1S-9FVX7",
                    "1S-LA8WB",
                    "1S-TNJUG",
                    "1U-FMQ9B",
                    "1V-VX1P6",
                    "1Y-ASZ50",
                    "1Y-EF8UD",
                    "1Z-16XM5",
                    "1Z-3D3UE",
                    "24-HEX23",
                    "27-C9V52",
                    "2A-LCMIC",
                    "2C-VPXV9",
                    "2E-YEF4T",
                    "2G-A51CQ",
                    "2H-UNUTF",
                    "2H-ZX9TR",
                    "2I-31BCB",
                    "2K-7VSSR",
                    "2L-SFJV0",
                    "2M-JXC3F",
                    "2M-XVI6H",
                    "2M-Z2QXS",
                    "2N-AFHJX",
                    "2N-LCWGB",
                    "2N-SMW1M",
                    "2P-AX49B",
                    "2Q-4FVN9",
                    "2R-AOLFA",
                    "2T-ZOPF2",
                    "2U-SLXA7",
                    "2V-8FIN2",
                    "2V-ZQ64T",
                    "2W-PL5MI",
                    "30-BJDR9",
                    "30-S4Q8Z",
                    "31-IQ9GX",
                    "33-FYTUK",
                    "33-MFBBL",
                    "34-OFFPA",
                    "35-E82B0",
                    "36-FQGZL",
                    "3B-6WW6H",
                    "3D-BVY1M",
                    "3E-LMKRL",
                    "3F-K4X2P",
                    "3J-9I0TY",
                    "3J-QJDD1",
                    "3N-PIQKS",
                    "3P-Q8EI8",
                    "3R-ZT2ZR",
                    "3S-53OLA",
                    "3U-H7RJP",
                    "3U-K7DN7",
                    "3W-EHZW2",
                    "3W-IZ6YH",
                    "3X-6U92I",
                    "3X-WX4J5",
                    "3Y-527RE",
                    "3Z-6NYU5",
                    "40-S5OK5",
                    "41-6CO22",
                    "42-JSE4I",
                    "43-K2B0T",
                    "45-ZA85P",
                    "47-O105Z",
                    "48-EVF01",
                    "48-SBRPK",
                    "4A-2GPZK",
                    "4A-9690M",
                    "4A-PJA6N",
                    "4D-9V3P6",
                    "4F-PPV8L",
                    "4H-0X6HQ",
                    "4L-6FFHT",
                    "4M-DYXMR",
                    "4P-JKJLZ",
                    "4T-4P11M",
                    "4U-MBVDG",
                    "4U-MR2OP",
                    "4X-ANK5J",
                    "4X-Y7NFZ",
                    "51-58NUL",
                    "51-CD9KZ",
                    "52-EKTMF",
                    "54-3E63V",
                    "54-CPQJZ",
                    "54-XMRSA",
                    "57-BVKCF",
                    "57-D5KOT",
                    "57-DZF2F",
                    "58-BL88P",
                    "59-FVFIC",
                    "5A-O8XMC",
                    "5B-9F9EI",
                    "5C-J8HP3",
                    "5E-RJ1GN",
                    "5F-694GM",
                    "5H-WD6Y3",
                    "5H-XUNVL",
                    "5J-VGVR3",
                    "5L-E8GX3",
                    "5L-NXB9P",
                    "5L-PVB26",
                    "5M-7R33X",
                    "5N-BXBGP",
                    "5N-CVTER",
                    "5O-0LG3H",
                    "5O-YCMH6",
                    "5Q-3VKS1",
                    "5Q-BR3IK",
                    "5Q-FX8IB",
                    "5S-P1FX8",
                    "5S-RQH8T",
                    "5U-DA9VI",
                    "5X-KG01I",
                    "5Y-R6GA9",
                    "5Z-C4JD4",
                    "61-7SIUS",
                    "62-0ECZR",
                    "63-PBX01",
                    "63-RY7J2",
                    "65-2LR5J",
                    "67-0P3D2",
                    "6A-F9VFU",
                    "6B-JZ214",
                    "6B-VXEX1",
                    "6E-WZ3H5",
                    "6G-11CAE",
                    "6G-MRRH1",
                    "6H-27LCG",
                    "6H-7IPDJ",
                    "6H-A71B9",
                    "6H-SFCD2",
                    "6H-WAGWG",
                    "6I-TLZHB",
                    "6J-ZPH6F",
                    "6K-ITYND",
                    "6N-014WI",
                    "6N-JAXNF",
                    "6Q-5SNOL",
                    "6Q-LZO60",
                    "6R-GV2EC",
                    "6S-KT5W9",
                    "6T-7VS19",
                    "6T-960AI",
                    "6U-5SGXZ",
                    "6V-CBXX6",
                    "6W-P32DS",
                    "6X-7YDPQ",
                    "6X-BYGB3",
                    "6X-O2X4O",
                    "6X-UIH31",
                    "6Y-ZBAQ4",
                    "6Z-OLWM8",
                    "73-HF01I",
                    "74-EKMTX",
                    "74-NM89H",
                    "77-CI2SN",
                    "77-F3M0R",
                    "78-5NBS8",
                    "79-ROLCJ",
                    "7B-0T8UV",
                    "7B-35B3T",
                    "7B-YJOQ3",
                    "7C-2BFGG",
                    "7D-FC0MI",
                    "7D-FW6VG",
                    "7D-Q9ZH3",
                    "7D-SJWZW",
                    "7E-VM95G",
                    "7I-HJ5TT",
                    "7I-LQANQ",
                    "7J-0HQYY",
                    "7J-4UV8J",
                    "7L-PXQBA",
                    "7R-P572F",
                    "7R-R7D78",
                    "7U-5PJ8P",
                    "7U-B71TL",
                    "7U-CVLBB",
                    "7V-A3OTP",
                    "7Y-ZFGI9",
                    "7Z-MJI00",
                    "84-ZC45C",
                    "85-AQP72",
                    "87-7NKOR",
                    "87-VYOPN",
                    "89-RW4AJ",
                    "8A-B328D",
                    "8A-SDJ5B",
                    "8D-NDUFB",
                    "8H-018LM",
                    "8L-1919G",
                    "8O-4C3VM",
                    "8O-KY52E",
                    "8P-AI1TM",
                    "8P-IVML4",
                    "8P-MUBH2",
                    "8P-YKVQA",
                    "8R-MQ0N0",
                    "8T-I6S9U",
                    "8X-NKXM0",
                    "8Z-RP8NC",
                    "90-LYZ8K",
                    "91-4FI8N",
                    "93-8N0UV",
                    "93-9SAE6",
                    "93-LPI2L",
                    "93-UP0WA",
                    "94-0ITZO",
                    "94-J6K6G",
                    "96-P9ZVC",
                    "98-2QRJZ",
                    "9B-DA44F",
                    "9D-SMWPG",
                    "9G-R0ZYL",
                    "9H-NE33P",
                    "9I-4D24P",
                    "9I-5BLRH",
                    "9I-9N6BN",
                    "9I-UJ6K8",
                    "9J-KZ03M",
                    "9K-1YUQD",
                    "9K-870QX",
                    "9L-5DAOL",
                    "9N-O5R3G",
                    "9O-91JU7",
                    "9O-A4J5N",
                    "9P-R4JK1",
                    "9Q-PUDZQ",
                    "9S-UGX6Q",
                    "9T-V30O0",
                    "9U-K1G01",
                    "9V-H9OJB",
                    "9V-RYSE8",
                    "9Y-9BP5S",
                    "9Y-BX7KU",
                    "9Z-0VPD9",
                    "A0-7QRYM",
                    "A2-XCNKM",
                    "A3-7ZK37",
                    "A3-E8OSV",
                    "A4-JEYT6",
                    "A6-PQLFL",
                    "A7-HF2E6",
                    "A7-MM8A4",
                    "A9-ABXJ9",
                    "AA-OWBHE",
                    "AA-OZRQW",
                    "AB-GAB2Y",
                    "AC-5X3KC",
                    "AC-8BAA0",
                    "AC-UQ94D",
                    "AE-CJSXB",
                    "AJ-X8ZBT",
                    "AL-4IBW8",
                    "AN-WGYU4",
                    "AP-2KQWF",
                    "AS-7A2NI",
                    "AS-SFYZX",
                    "AT-VHWQQ",
                    "AT-VRVCW",
                    "AU-BVH17",
                    "AV-E3VJ0",
                    "AX-0YR0V",
                    "AX-EMOTY",
                    "AY-BY67P",
                    "B0-7VXM6",
                    "B0-LQL4M",
                    "B0-MW4RX",
                    "B1-C957D",
                    "B1-ZEC1C",
                    "B3-KG3U6",
                    "B4-HSXA0",
                    "B4-S4WYO",
                    "B6-EV8WE",
                    "B9-5SFCA",
                    "BA-KBG19",
                    "BE-4POAE",
                    "BF-TJIZB",
                    "BG-4OEYU",
                    "BH-7BO4X",
                    "BJ-D70AE",
                    "BL-SCYEM",
                    "BM-E7T2Q",
                    "BN-W4YZ2",
                    "BO-EPL3M",
                    "BQ-HY2XX",
                    "BR-61QQH",
                    "BT-611D1",
                    "BT-BY3NK",
                    "BU-720CU",
                    "BU-Y6E13",
                    "BV-K6EH5",
                    "BX-1QKGG",
                    "C1-XXPFO",
                    "C6-VSUS0",
                    "C7-3OURT",
                    "C7-A02TT",
                    "C7-SW19S",
                    "C9-WIQ21",
                    "CA-Z7G33",
                    "CB-8937B",
                    "CC-5CMVV",
                    "CC-MFH3F",
                    "CC-TT580",
                    "CD-17JFD",
                    "CG-T2VMI",
                    "CH-4F060",
                    "CJ-FB80U",
                    "CK-5WDFK",
                    "CL-BCS89",
                    "CL-NUKXH",
                    "CO-1WD7J",
                    "CP-JRENQ",
                    "CQ-OXLLN",
                    "CT-K0BTE",
                    "CU-FVHWH",
                    "CV-MX5VD",
                    "CV-T0Q6I",
                    "CV-XWRN4",
                    "CX-NFPLU",
                    "D0-4KACM",
                    "D1-F7ND1",
                    "D5-ETTH4",
                    "D6-EGQT6",
                    "D6-HXKA1",
                    "D7-YTLC2",
                    "D8-2EQXD",
                    "DB-9WSCP",
                    "DC-MPB02",
                    "DD-KC48C",
                    "DE-5WVQ2",
                    "DG-2CORX",
                    "DI-9ZAAK",
                    "DJ-UG95B",
                    "DK-07MUW",
                    "DL-W1FFW",
                    "DM-4NDRR",
                    "DN-HO2W0",
                    "DP-LQDRB",
                    "DS-TDJ1B",
                    "DS-YNZJL",
                    "DT-6INJ7",
                    "DU-PEKPO",
                    "DU-UXNEU",
                    "DV-BBPVL",
                    "E0-1OZZO",
                    "E1-KVE6L",
                    "E2-3UEY7",
                    "E3-Q53Z3",
                    "E5-GVJG2",
                    "E6-OYJ49",
                    "E6-PFKHR",
                    "E9-N9TIG",
                    "EA-GZSH8",
                    "EA-KAUYI",
                    "EB-DU0ZV",
                    "EC-MI5U2",
                    "EE-2SGZL",
                    "EF-AO2H7",
                    "EH-W2Q7Z",
                    "EJ-R58FQ",
                    "EJ-RY33Y",
                    "EK-VZJ0Q",
                    "EM-R1ANR",
                    "EO-0S602",
                    "EP-M2B7Y",
                    "EQ-M29KI",
                    "EQ-NY7F6",
                    "ET-E5YHC",
                    "EU-NRXL9",
                    "EU-WO0AU",
                    "EX-94ETP",
                    "EY-72SJQ",
                    "EY-TTW70",
                    "F3-33KF6",
                    "F3-6F7HX",
                    "F6-M0EGO",
                    "FB-6OC8O",
                    "FC-STJCD",
                    "FC-X0L43",
                    "FI-VOZS2",
                    "FK-X9B4C",
                    "FL-B34DU",
                    "FL-DQX5J",
                    "FM-4O8EJ",
                    "FN-4VL97",
                    "FN-RTD0X",
                    "FO-OKVT1",
                    "FQ-Z3SUZ",
                    "FR-VFRPK",
                    "FR-ZW37L",
                    "FT-9JXX8",
                    "FV-J8G6V",
                    "FZ-GXV1E",
                    "FZ-JYGEG",
                    "FZ-QY3RD",
                    "G0-PFGH1",
                    "G1-3VNV9",
                    "G2-B2V1X",
                    "G3-SMUXO",
                    "G3-SZMY0",
                    "G8-2IZGV",
                    "G8-J7Y5E",
                    "GA-UHTUF",
                    "GC-LMG3R",
                    "GD-6EM26",
                    "GE-5F08F",
                    "GE-DR11G",
                    "GF-J0ELB",
                    "GF-L2WDA",
                    "GF-ZDHPV",
                    "GG-VDRD8",
                    "GH-49SHL",
                    "GI-6JBD2",
                    "GI-HHO7N",
                    "GJ-TEP29",
                    "GK-242TQ",
                    "GK-MCVQW",
                    "GK-O7491",
                    "GL-D920S",
                    "GO-D1TBQ",
                    "GQ-7S3EZ",
                    "GT-TD4FP",
                    "GV-1OQJX",
                    "GV-3XEPI",
                    "GV-9QEH0",
                    "GV-CPMAF",
                    "GV-J6T9B",
                    "GX-3AGAS",
                    "GZ-SU9U5",
                    "GZ-TS3GH",
                    "H2-4UODJ",
                    "H6-RLB2J",
                    "H7-OUBSX",
                    "H8-WEKP5",
                    "HA-KNR4J",
                    "HE-5AI4Z",
                    "HF-CFRLN",
                    "HF-KLFWE",
                    "HH-4U8CU",
                    "HH-ZPN9P",
                    "HI-9WCXE",
                    "HL-IRZFK",
                    "HN-JQ4NH",
                    "HO-CMU26",
                    "HO-PU6LW",
                    "HP-TOEK9",
                    "HS-XRCM0",
                    "HU-UO901",
                    "HV-BJWTR",
                    "HV-PV5Z3",
                    "HW-LQCUZ",
                    "HZ-NJA0O",
                    "I0-HRBOY",
                    "I1-4UIXR",
                    "I1-BKB3G",
                    "I1-F9V9O",
                    "I1-WSU67",
                    "I2-OURMV",
                    "I3-BHQDU",
                    "I4-B0XWG",
                    "I6-IQP95",
                    "I7-A7UHI",
                    "I7-JZQUX",
                    "I9-HO0GS",
                    "IC-DIGET",
                    "IE-MOK9F",
                    "IF-FREFZ",
                    "IG-JFP5P",
                    "IH-MHLNC",
                    "II-J9UOZ",
                    "II-O4F8B",
                    "IL-CKD3A",
                    "IM-0MCYN",
                    "IO-5BY4C",
                    "IO-8YJ48",
                    "IO-C1MX4",
                    "IP-F9W74",
                    "IQ-U3MPP",
                    "IR-JBDYO",
                    "IS-512QG",
                    "IS-5PXSH",
                    "IS-S5LIV",
                    "IT-45VF2",
                    "IU-KKOTP",
                    "IV-SQKX5",
                    "IW-AR1LL",
                    "IY-6TRZ8",
                    "J0-CSDNS",
                    "J2-GHJI4",
                    "J3-F6DBR",
                    "J3-XSOFD",
                    "J5-HB75P",
                    "J6-581KT",
                    "J7-RY4A9",
                    "J8-17TZ2",
                    "J9-PMYGY",
                    "JB-35YDN",
                    "JE-IV8M8",
                    "JJ-ON9A0",
                    "JM-321J7",
                    "JP-38ATE",
                    "JP-J34YC",
                    "JP-RQ1GG",
                    "JQ-3SCR4",
                    "JQ-ECE36",
                    "JQ-V7NS3",
                    "JR-88JAH",
                    "JT-V7367",
                    "JW-4F8IQ",
                    "JX-F6DZG",
                    "JX-HKLP6",
                    "K3-GSJ33",
                    "K4-420NS",
                    "K4-OPK2S",
                    "K4-YR0WG",
                    "K5-8AYR1",
                    "K8-7EX0X",
                    "K8-LU3KC",
                    "K9-REA9G",
                    "KA-SJCVO",
                    "KB-861HU",
                    "KC-H8766",
                    "KF-2JDWE",
                    "KL-MDOZE",
                    "KN-38JTW",
                    "KQ-59DJS",
                    "KQ-H1U9A",
                    "KQ-HYBHP",
                    "KQ-P083E",
                    "KQ-Z8KRR",
                    "KR-AK8E3",
                    "KU-OW1H4",
                    "KV-AT0FK",
                    "KX-9A04E",
                    "KY-U78NG",
                    "L3-IFFCW",
                    "L4-8HVNV",
                    "L4-IOSOZ",
                    "L4-MYHWR",
                    "L6-BMFIF",
                    "L6-Z091G",
                    "L7-AX003",
                    "L7-LSW9D",
                    "L8-FWHJU",
                    "L8-HXTNL",
                    "L9-TNUJ0",
                    "LC-DMAPN",
                    "LC-GG4U9",
                    "LC-S3XCL",
                    "LG-UEU08",
                    "LH-Q28ZC",
                    "LI-FN3FE",
                    "LJ-GIQ3F",
                    "LM-T2S3Y",
                    "LM-Z98C6",
                    "LM-ZES0I",
                    "LO-STRYF",
                    "LV-FTEPF",
                    "LW-OB72O",
                    "LX-CF2UX",
                    "LZ-0VOYM",
                    "M1-9KOKK",
                    "M1-GQM34",
                    "M1-R8WPA",
                    "M2-5KR3R",
                    "M9-RUWSS",
                    "ME-5MHOE",
                    "MF-J15XK",
                    "MI-4E75I",
                    "ML-ARB1G",
                    "ML-IDHBF",
                    "ML-P8CB2",
                    "MP-EHHWQ",
                    "MR-D7A0Y",
                    "MS-RR93K",
                    "MS-WM20J",
                    "MT-DCGYZ",
                    "MW-TV0J8",
                    "MX-F03NJ",
                    "MX-GB3RK",
                    "MX-XEDF2",
                    "N1-CTS2G",
                    "N3-1ACQJ",
                    "N3-7FWHO",
                    "N5-YYM17",
                    "N7-A3O2Y",
                    "N7-TOOBE",
                    "NB-5MTT4",
                    "NC-JEO8D",
                    "NC-Q82PG",
                    "ND-SKDM2",
                    "NE-UV631",
                    "NF-22RWR",
                    "NJ-36ZK5",
                    "NL-3S2MW",
                    "NN-AT7ZN",
                    "NN-T0WPU",
                    "NO-M5YJ1",
                    "NO-MC2JR",
                    "NP-412Z8",
                    "NU-7B5OQ",
                    "NV-XJR52",
                    "NY-YXGA6",
                    "O0-SHU0Z",
                    "O0-W7ZIO",
                    "O2-VZNKA",
                    "O5-A2TU6",
                    "O5-T19AM",
                    "O7-NY8JL",
                    "OA-1WGT2",
                    "OA-8K4K8",
                    "OA-S5OPE",
                    "OC-HNGHG",
                    "OE-4FI9F",
                    "OE-CYOV8",
                    "OF-9EHQB",
                    "OI-Y6R2W",
                    "OJ-75CQ4",
                    "OJ-7ABQU",
                    "OK-K4NOH",
                    "OM-V4B2T",
                    "OO-3GJVM",
                    "OO-PNV36",
                    "OP-4T5MT",
                    "OQ-M8ZNP",
                    "OQ-YUDGH",
                    "OR-OB0W6",
                    "OT-J0KZC",
                    "OT-XRF8U",
                    "OU-ELPLX",
                    "OU-W65CB",
                    "OY-C6EJ6",
                    "OZ-DRXRM",
                    "P1-JE71T",
                    "P1-OKT8X",
                    "P2-6V8B2",
                    "P4-8YUAZ",
                    "P4-PSP89",
                    "P9-2FJ89",
                    "P9-3IJWC",
                    "P9-TW5PH",
                    "PB-CHMH2",
                    "PC-5TNQT",
                    "PD-PYY8Z",
                    "PD-YV6YY",
                    "PE-Q6XSS",
                    "PF-4NTIK",
                    "PI-FYA3L",
                    "PJ-RPHTD",
                    "PJ-UQJ5U",
                    "PK-MB4FH",
                    "PN-12UC0",
                    "PP-EEBPB",
                    "PQ-BGF29",
                    "PR-E0AFW",
                    "PS-4AYLW",
                    "PS-RKBZO",
                    "PT-EZ739",
                    "PU-A7OFP",
                    "PV-QDMU6",
                    "PW-Z5CK3",
                    "PX-E1JNE",
                    "Q2-6JQTE",
                    "Q2-ZYCM1",
                    "Q6-GPUGZ",
                    "Q8-F8VFR",
                    "Q8-TRCWR",
                    "QB-H24RF",
                    "QF-3TB3T",
                    "QF-GL56H",
                    "QG-MGX3I",
                    "QJ-MD9YY",
                    "QJ-OAM6G",
                    "QL-GO5DJ",
                    "QP-ZNMHJ",
                    "QQ-6OYA9",
                    "QR-0DIXV",
                    "QR-4QUG3",
                    "QU-66HME",
                    "QV-83BWH",
                    "QV-C857Q",
                    "QV-IWXWN",
                    "QW-ZNUDO",
                    "QY-QV6TL",
                    "QZ-B6EV5",
                    "QZ-WZTLS",
                    "R0-F3LU2",
                    "R3-MXOJ3",
                    "R4-NSUVT",
                    "R7-KJQXV",
                    "R7-NFZVS",
                    "R8-BCXFW",
                    "R9-CROM3",
                    "RA-59YC6",
                    "RD-7N4PB",
                    "RD-ZRQJP",
                    "RE-IVRUC",
                    "RF-QUQNL",
                    "RJ-QL8GT",
                    "RK-TNPPH",
                    "RK-X2T01",
                    "RN-VQAGF",
                    "RO-N0S1S",
                    "RR-2ZOR9",
                    "RR-OCRFE",
                    "RT-I8USG",
                    "RW-GHLCV",
                    "RW-OVCKQ",
                    "RY-JP4JB",
                    "RZ-MRF4E",
                    "S0-FL8PD",
                    "S0-NRW3W",
                    "S1-TU76Q",
                    "S3-IX2PD",
                    "S6-8A6AW",
                    "S6-K832G",
                    "S7-KK53C",
                    "S8-DTVZP",
                    "S9-G39RB",
                    "SA-MB3E4",
                    "SE-4PF4M",
                    "SG-16VYY",
                    "SG-VOEVG",
                    "SH-YVZS9",
                    "SI-PGTTP",
                    "SI-ZRV0X",
                    "SK-FCWNI",
                    "SL-FTLD2",
                    "SO-Z4HV8",
                    "SP-W3E6E",
                    "SQ-6C3FM",
                    "SQ-U4P7F",
                    "ST-24WAB",
                    "ST-LE9ZO",
                    "SX-F87UE",
                    "SZ-4XMCP",
                    "T1-JI312",
                    "T3-7JI9C",
                    "TB-0Y272",
                    "TC-CA9DD",
                    "TH-79A6Y",
                    "TI-QHWCG",
                    "TI-ZAZJC",
                    "TK-Z0RAF",
                    "TL-6A2ZD",
                    "TN-RKMCY",
                    "TP-SO91I",
                    "TR-QH9EW",
                    "TT-HKX4G",
                    "TT-VVB8S",
                    "TV-WB3CH",
                    "TX-1BTAW",
                    "TZ-2P98R",
                    "U0-RGYVD",
                    "U2-1FBPG",
                    "U3-ESHPG",
                    "U4-C4NJY",
                    "U8-FYIM2",
                    "UA-GE47P",
                    "UB-KRNNC",
                    "UB-T3VEN",
                    "UC-LTPO4",
                    "UC-VNME7",
                    "UD-1KEDI",
                    "UD-1MVU4",
                    "UD-G3LVK",
                    "UD-VRN7L",
                    "UE-FQUOC",
                    "UE-NHJR4",
                    "UG-ZTW75",
                    "UH-D8NAL",
                    "UH-IS67L",
                    "UI-FFCJ1",
                    "UJ-5HKPT",
                    "UJ-QNLOG",
                    "UN-VGY2R",
                    "UO-ET1FO",
                    "UO-JD868",
                    "UO-JXXVH",
                    "UO-MGAF3",
                    "UP-GSJ1K",
                    "UQ-LZFJ5",
                    "UQ-P6RMG",
                    "UQ-SWBF8",
                    "UW-UGWNA",
                    "UX-ZNSSM",
                    "UY-H51PR",
                    "UZ-1EYMA",
                    "UZ-7PNV8",
                    "V0-05ZHP",
                    "V0-Y2IS3",
                    "V1-SRTXX",
                    "V2-HMKXU",
                    "V4-WPSU6",
                    "V5-87N51",
                    "VB-Q2HJW",
                    "VC-GH366",
                    "VD-J595R",
                    "VE-OLMWH",
                    "VE-OPX53",
                    "VF-IPU9D",
                    "VF-MVLHG",
                    "VG-1XZAX",
                    "VH-BWC32",
                    "VI-TTCKT",
                    "VM-SDTKY",
                    "VM-SH9US",
                    "VN-MTPJD",
                    "VN-YZFNY",
                    "VV-563GL",
                    "VZ-FZSGM",
                    "W0-UR1F2",
                    "W0-ZU5BC",
                    "W1-2YWJB",
                    "W3-UZFFZ",
                    "W7-DTFNX",
                    "W9-E1RIJ",
                    "W9-U260T",
                    "WD-HQ4NP",
                    "WD-WR9LR",
                    "WE-9H7PM",
                    "WE-BO39U",
                    "WE-ECWYF",
                    "WE-HOGKC",
                    "WE-WHY4S",
                    "WF-JXDMU",
                    "WG-XORVR",
                    "WG-ZH2G6",
                    "WI-KA7F7",
                    "WJ-2YCYV",
                    "WJ-XLH81",
                    "WK-G8DCS",
                    "WK-PY5ZB",
                    "WL-FDFDR",
                    "WN-2GPWO",
                    "WO-MO07D",
                    "WO-UV775",
                    "WQ-2RJXE",
                    "WR-WKRC3",
                    "WS-TA6EE",
                    "WU-Y12MF",
                    "WW-LYOZH",
                    "WX-4CB1F",
                    "WX-GH9AM",
                    "WY-9159M",
                    "WZ-7X65S",
                    "X0-E29LX",
                    "X2-ITQOW",
                    "X3-450I1",
                    "X5-1EOJH",
                    "X6-BTTQT",
                    "X6-EBF72",
                    "X7-8LTGJ",
                    "X7-DIAQK",
                    "X9-E4UQV",
                    "XA-4926V",
                    "XA-OZSYL",
                    "XC-55HG6",
                    "XC-C39W8",
                    "XC-W20D5",
                    "XE-XER46",
                    "XF-FNFPH",
                    "XF-P4U8Q",
                    "XF-WS86I",
                    "XI-BKJYU",
                    "XJ-4CT66",
                    "XJ-B8JX6",
                    "XM-0ZBI9",
                    "XM-3NU7S",
                    "XM-KVV89",
                    "XM-VPHZU",
                    "XN-EMYG1",
                    "XN-J3K8C",
                    "XP-QAT72",
                    "XR-AKW4B",
                    "XR-GP83R",
                    "XR-MF2G4",
                    "XR-R3A5C",
                    "XT-AEODU",
                    "XT-P4AX5",
                    "XU-2VPOF",
                    "XU-US7H2",
                    "XV-CR5SG",
                    "XV-ZHGMK",
                    "XW-CZRX7",
                    "XW-LQHAB",
                    "XX-UMX0R",
                    "XX-WJABT",
                    "XY-1Y4NC",
                    "XY-CCIG9",
                    "XZ-D45SC",
                    "XZ-FS04C",
                    "Y2-93J8S",
                    "Y2-CTRJN",
                    "Y3-BONOM",
                    "Y3-BYA6M",
                    "Y3-RLMXH",
                    "Y4-9SQA7",
                    "Y5-PE3KH",
                    "Y8-68QH2",
                    "Y8-PLCWM",
                    "Y9-JZANR",
                    "YB-1UO1N",
                    "YB-87RLK",
                    "YG-0ITXM",
                    "YG-RH6GV",
                    "YH-OX12M",
                    "YK-6BDRU",
                    "YK-F79OP",
                    "YL-ADL22",
                    "YL-L5V0R",
                    "YL-P1YR2",
                    "YP-NTN9I",
                    "YP-NVQT0",
                    "YR-1GPVA",
                    "YS-NRQ5P",
                    "YS-X63RP",
                    "YT-8OBR7",
                    "YT-SBJJN",
                    "YV-T8H4W",
                    "YV-U7SU7",
                    "YX-4SOOP",
                    "YZ-4V9G4",
                    "Z0-9R29Q",
                    "Z0-EHGO9",
                    "Z0-H2DIG",
                    "Z0-KWTGY",
                    "Z1-NDLSD",
                    "Z2-71TIZ",
                    "Z3-DHH04",
                    "Z4-48JYM",
                    "Z8-6A8QA",
                    "Z9-HEW4Y",
                    "Z9-LDPR6",
                    "ZE-VVIJQ",
                    "ZF-1A3XI",
                    "ZG-2ZC79",
                    "ZG-4M8K7",
                    "ZJ-NGTXI",
                    "ZM-XKI4S",
                    "ZN-5ECWY",
                    "ZR-B9S6J",
                    "ZR-DY95U",
                    "ZR-GLIAO",
                    "ZR-U9M49",
                    "ZS-G4ZLY",
                    "ZS-OOEC3",
                    "ZT-0X775",
                    "ZU-AT8HP",
                    "ZV-6AA8F",
                    "ZV-JHAW9",
                    "ZV-L8DCI",
                    "ZW-ZL86V",
                    "ZZ-PSKOI",
                    "X8-CV60K",
                    "UT-3JFOB",
                    "X7-ER02X",
                    "X9-X4O3Z",
                    "ZO-65ZK4",
                    "8E-JHKFN",
                    "X9-KAPYL"
                ]
            ]
        },
        "result": {
            "columns": [
                "is_pr"
            ],
            "operation": [
                "=="
            ],
            "output": [
                1
            ]
        }
    }
}