{
    "prod_mode_default": {
        "rules": {},
        "result": {
            "columns": [
                "production_mode"
            ],
            "operation": [
                "=="
            ],
            "output": [
                "P2L"
            ]
        }
    },
    "prod_mode_batch": {
        "rules": {
            "fields": [
                "batch",
                "meal_swap_addon_long",
                "priority",
                "country",
                "distribution_center"
            ],
            "operation": [
                "in",
                "==",
                "not in",
                "in",
                "=="
            ],
            "condition": [
                [
                    "6 7 17-2p",
                    "18 19 21-2p",
                    "1 14-2p",
                    "1 12 14-2p",
                    "1 12 14-3p"
                ],
                "",
                [
                    "M",
                    "X"
                ],
                [
                    "DE",
                    "AT"
                ],
                "VE"
            ]
        },
        "result": {
            "columns": [
                "production_mode"
            ],
            "operation": [
                "=="
            ],
            "output": [
                "Batch"
            ]
        }
    }
}