{
    "RF4": {
        "rules": {
            "fields": [
                "country",
                "loyalty_level"
            ],
            "operation": [
                "==",
                "in"
            ],
            "condition": [
                "AT",
                [
                    0,
                    1,
                    3,
                    5,
                    7,
                    9,
                    11,
                    13,
                    15
                ]
            ]
        },
        "result": {
            "columns": [
                "extras"
            ],
            "operation": [
                "append_extra"
            ],
            "output": [
                [
                    "RF4"
                ]
            ]
        }
    },
    "RF6": {
        "rules": {
            "fields": [
                "country",
                "loyalty_level"
            ],
            "operation": [
                "==",
                "in"
            ],
            "condition": [
                "DE",
                [
                    0,
                    1,
                    3,
                    5,
                    7,
                    9,
                    11,
                    13,
                    15
                ]
            ]
        },
        "result": {
            "columns": [
                "extras"
            ],
            "operation": [
                "append_extra"
            ],
            "output": [
                [
                    "RF6"
                ]
            ]
        }
    }
}