{
    "RF8": {
        "rules": {
            "fields": [
                "country",
                "loyalty_status"
            ],
            "operation": [
                "==",
                "in"
            ],
            "condition": [
                "CH",
                [
                    0,
                    1,
                    3,
                    5,
                    7,
                    9,
                    11,
                    13,
                    15
                ]
            ]
        },
        "result": {
            "columns": [
                "extras"
            ],
            "operation": [
                "append_extra"
            ],
            "output": [
                [
                    "RF8"
                ]
            ]
        }
    }
}