{
    "sku_9999_w_addons": {
        "rules": {
            "fields": [
                "country",
                "meal_swap_addon",
                "production_mode",
                "distribution_center"
            ],
            "operation": [
                "in",
                "!=",
                "==",
                "!="
            ],
            "condition": [
                [
                    "DE","AT"
                ],
                "",
                "P2L",
                "BX"
            ]
        },
        "result": {
            "columns": [
                "meal_swap_addon",
                "meal_swap_addon_long",
                "extras"
            ],
            "operation": [
                "+",
                "+",
                "append_extra"
            ],
            "output": [
                " 9999:1",
                "9999-",
                [
                    "SM4"
                ]
            ]
        }
    },
    "sku_9999_w_o_addons": {
        "rules": {
            "fields": [
                "country",
                "meal_swap_addon",
                "production_mode",
                "distribution_center"
            ],
            "operation": [
                "in",
                "==",
                "==",
                "!="
            ],
            "condition": [
                [
                    "DE","AT"
                ],
                "",
                "P2L",
                "BX"
            ]
        },
        "result": {
            "columns": [
                "meal_swap_addon",
                "meal_swap_addon_long",
                "extras"
            ],
            "operation": [
                "+",
                "+",
                "append_extra"
            ],
            "output": [
                "9999:1",
                "-9999-",
                [
                    "SM4"
                ]
            ]
        }
    }
}