{
    "wbooklet_deat_1": {
        "rules": {
            "fields": [
                "loyalty_status",
                "country"
            ],
            "operation": [
                "in",
                "in"
            ],
            "condition": [
                [
                    0,
                    1
                ],
                [
                    "DE",
                    "AT"
                ]
            ]
        },
        "result": {
            "columns": [
                "extras"
            ],
            "operation": [
                "append_extra"
            ],
            "output": [
                [
                    "CW1"
                ]
            ]
        }
    },
    "wbooklet_ch_1": {
        "rules": {
            "fields": [
                "loyalty_status",
                "country"
            ],
            "operation": [
                "in",
                "=="
            ],
            "condition": [
                [
                    0,
                    1
                ],
                "CH"
            ]
        },
        "result": {
            "columns": [
                "extras"
            ],
            "operation": [
                "append_extra"
            ],
            "output": [
                [
                    "CW4"
                ]
            ]
        }
    },
    "wbooklet_deat_4": {
        "rules": {
            "fields": [
                "loyalty_status",
                "country"
            ],
            "operation": [
                "==",
                "in"
            ],
            "condition": [
                4,
                [
                    "DE",
                    "AT"
                ]
            ]
        },
        "result": {
            "columns": [
                "extras"
            ],
            "operation": [
                "append_extra"
            ],
            "output": [
                [
                    "CW2"
                ]
            ]
        }
    }
}