{
  "input": {
    "source": "scm-x",
    "config": {
      "auto": true,
      "save": false,
      "source": "s3",
      "bucket": "intfood-scm-export-live",
      "week": "06",
      "year": "2022",
      "status": "shipped",
      "delivery_days": {
        "DE": [
          ""
        ],
        "AT": [],
        "CH": []
      }
    }
  },
  "merger": {
    "add_ons": [
      "AAB",
      "ADB",
      "ARM",
      "AEB",
      "BBQ",
      "SEA",
      "AMY",
      "AOC",
      "ASV",
      "BUNDLE",
      "ATM"
    ],
    "extras": {
      "DE-LCF": "M1C",
      "DE-LGP": "MFO",
      "DE-LOC": "MHO",
      "AT-LCF": "M1D",
      "AT-LGP": "MFO",
      "AT-LOC": "MHO"
    },
    "drop_addons": [
      "DON"
    ]
  },
  "transformations": [
    {
      "name": "ruler",
      "settings": {
        "include_summary": true,
        "rules": [
          {
            "name": "additional_columns_ch",
            "critical": true
          }
        ]
      }
    },
    {
      "name": "ruler",
      "settings": {
        "include_summary": true,
        "rules": [
          {
            "name": "1p_2p",
            "critical": true
          },
          {
            "name": "drop_wrong_packing_day",
            "critical": true,
            "id_to_log": "box_id"
          },
          {
            "name": "thermomix",
            "critical": true
          },
          {
            "name": "infoflyer",
            "critical": true
          },
          {
            "name": "welcome_booklet",
            "critical": true
          },
          {
            "name": "service_type",
            "critical": true
          },
          {
            "name": "lane",
            "critical": true
          },
          {
            "name": "carrier_input",
            "critical": true
          },
          {
            "name": "lane_by_delivery_time",
            "critical": true
          },
          {
            "name": "priority",
            "critical": true
          },
          {
            "name": "priority_ch",
            "critical": true
          },
          {
            "name": "logistics_fallback",
            "critical": true
          },
          {
            "name": "prod_mode",
            "critical": true
          },
          {
            "name": "loyalty",
            "critical": true
          },
          {
            "name": "pr_voucher",
            "critical": true
          },
          {
            "name": "special_boxes",
            "critical": true
          },
          {
            "name": "sample_RF8",
            "critical": true
          },
          {
            "name": "magnet_CH",
            "critical": true
          },
          {
            "name": "carrier_quality_boxes",
            "critical": true
          },
          {
            "name": "carrier_influencer_boxes",
            "critical": true
          },
          {
            "name": "has_envelope",
            "critical": true
          },
          {
            "name": "ib_extra",
            "critical": true,
            "id_to_log": "box_id"
          },
          {
            "name": "sample_group",
            "critical": true
          },
          {
            "name": "envelope_supplier_placeholder",
            "critical": true
          },
          {
            "name": "mfo_extra",
            "critical": true
          },
          {
            "name": "sku_9999",
            "critical": true
          }
        ]
      }
    }
  ]
}
