{
    "input": {},
    "transformations": [
        {
            "name": "ruler",
            "settings": {
                "include_summary": true,
                "rules": [
                    {
                        "name": "envelope_supplier",
                        "critical": true,
                        "id_to_log": "meal_swap"
                    },
                    {
                        "name": "sample_RF4_RF6",
                        "critical": true,
                        "id_to_log": "boxid"
                    }
                ]
            }
        }
    ]
}